"dgp","design","n","method","estimator_class","library","cross_fitted","reps","valid","signed_bias","absolute_bias","sd","mean_se","rmse","coverage","coverage_mcse","median_absolute_error","target_type"
"Model1","SRS",500,"aipw_nn","aipw_nn","nn",TRUE,1000,1000,0.0585444062391057,0.0585444062391057,12.5713009425693,12.3925471289672,12.565150107689,0.949,0.00695693898205238,8.42606898204839,"population_ate"
"Model1","SRS",500,"aipw_rf","aipw_rf","rf",TRUE,1000,1000,-0.0692887429101632,0.0692887429101632,8.84613646353678,9.07523231674228,8.84198377803746,0.949,0.00695693898205238,5.68637003954761,"population_ate"
"Model1","SRS",500,"aipw_sl__grouped_nn","aipw_sl","grouped_nn",TRUE,1000,1000,0.268339533453019,0.268339533453019,9.8138210159705,9.59686293312785,9.81258263434172,0.943,0.00733150734842434,6.73928492385848,"population_ate"
"Model1","SRS",500,"aipw_sl__grouped_rf","aipw_sl","grouped_rf",TRUE,1000,1000,-0.227768629297067,0.227768629297067,8.16697128592847,8.36562613241597,8.16606386906732,0.953,0.00669260786241059,5.35386189096916,"population_ate"
"Model1","SRS",500,"aipw_sl__rfnn","aipw_sl","rfnn",TRUE,1000,1000,-0.0984125763275275,0.0984125763275275,8.87789660672686,9.03104357690709,8.87400226204343,0.95,0.00689202437604511,5.7862999225612,"population_ate"
"Model1","SRS",500,"aipw_stack__grouped_nn","aipw_stack","grouped_nn",TRUE,1000,1000,0.301749375005396,0.301749375005396,9.84089535499301,9.63066201856872,9.84060114280887,0.938,0.00762600813007697,6.55761677110261,"population_ate"
"Model1","SRS",500,"aipw_stack__grouped_rf","aipw_stack","grouped_rf",TRUE,1000,1000,-0.227349578267847,0.227349578267847,8.01811861853621,8.19626372516082,8.01733271016456,0.955,0.00655553201502365,5.26570587888401,"population_ate"
"Model1","SRS",500,"aipw_stack__rfnn","aipw_stack","rfnn",TRUE,1000,1000,-0.0956995565830806,0.0956995565830806,8.79377365228075,8.94851296045729,8.78989664317106,0.951,0.00682634602111555,5.72255157398581,"population_ate"
"Model1","SRS",500,"cal_quadratic__grouped_nn","cal_quadratic","grouped_nn",TRUE,1000,1000,-0.499398379662809,0.499398379662809,9.24396491914815,8.87767665191509,9.25282850163263,0.934,0.00785136930732467,6.27090562756382,"population_ate"
"Model1","SRS",500,"cal_quadratic__grouped_rf","cal_quadratic","grouped_rf",TRUE,1000,1000,0.0203460896260043,0.0203460896260043,5.92113732260313,6.0944566937737,5.91821098722356,0.957,0.00641490451994416,3.95768615131461,"population_ate"
"Model1","SRS",500,"cal_quadratic__nn","cal_quadratic","nn",TRUE,1000,1000,-0.167488622382377,0.167488622382377,10.7676891422761,10.8527705324414,10.763607145091,0.953,0.00669260786241059,7.20416747784449,"population_ate"
"Model1","SRS",500,"cal_quadratic__rf","cal_quadratic","rf",TRUE,1000,1000,0.0589951800397523,0.0589951800397523,6.88412284516957,7.37423131501503,6.88093283147758,0.969,0.00548078461536303,4.88185427594913,"population_ate"
"Model1","SRS",500,"cal_quadratic__rflin","cal_quadratic","rflin",TRUE,1000,1000,-0.0822497423303893,0.0822497423303893,4.63390570263232,5.23175264954571,4.63231842590088,0.972,0.0052168956286282,3.13941097408144,"population_ate"
"Model1","SRS",500,"cal_quadratic__rfnn","cal_quadratic","rfnn",TRUE,1000,1000,-0.0370621326248189,0.0370621326248189,6.95429315193656,7.29545384146976,6.95091394361226,0.964,0.00589101010014412,4.86054844643184,"population_ate"
"Model1","SRS",500,"cal_quartic__grouped_nn","cal_quartic","grouped_nn",TRUE,1000,1000,-0.355156113957337,0.355156113957337,9.27706906952079,8.87767665191509,9.2792285441959,0.938,0.00762600813007697,6.14298089819965,"population_ate"
"Model1","SRS",500,"cal_quartic__grouped_rf","cal_quartic","grouped_rf",TRUE,1000,1000,0.0530009039983847,0.0530009039983847,5.86142799421498,6.0944566937737,5.85873628772112,0.955,0.00655553201502365,4.0869127069775,"population_ate"
"Model1","SRS",500,"cal_quartic__nn","cal_quartic","nn",TRUE,1000,1000,-0.102436450775742,0.102436450775742,10.8026775332447,10.8527705324414,10.7977607526667,0.953,0.00669260786241059,7.19632127185862,"population_ate"
"Model1","SRS",500,"cal_quartic__rf","cal_quartic","rf",TRUE,1000,1000,0.0749559427272687,0.0749559427272687,6.84174128466554,7.37423131501503,6.83873034823283,0.971,0.00530650544143696,4.82386023281756,"population_ate"
"Model1","SRS",500,"cal_quartic__rflin","cal_quartic","rflin",TRUE,1000,1000,-0.122751894256823,0.122751894256823,4.51673783782407,5.23175264954571,4.516147451366,0.975,0.00493710441453288,3.12640055090802,"population_ate"
"Model1","SRS",500,"cal_quartic__rfnn","cal_quartic","rfnn",TRUE,1000,1000,0.0494835665592966,0.0494835665592966,6.93098942979072,7.29545384146976,6.92769979753412,0.968,0.00556560868189635,4.97696996074612,"population_ate"
"Model1","SRS",500,"lin","lin","lin",FALSE,1000,1000,-0.202030328835838,0.202030328835838,4.27417002657414,4.15513217061209,4.27680688603287,0.938,0.00762600813007697,2.84071510786702,"population_ate"
"Model1","SRS",500,"sdim","sdim","sdim",FALSE,1000,1000,-0.09703543611922,0.09703543611922,12.0689502107546,12.3105757560215,12.0633045019326,0.952,0.00675988165576884,7.94189730399049,"population_ate"
"Model1","SBR",500,"aipw_nn","aipw_nn","nn",TRUE,1000,1000,-0.052220499634588,0.052220499634588,12.4378621405103,12.3080111723557,12.431751332467,0.94,0.00750999334220744,8.03719056938664,"population_ate"
"Model1","SBR",500,"aipw_rf","aipw_rf","rf",TRUE,1000,1000,-0.257861940185845,0.257861940185845,8.94975868493387,9.03936882017858,8.94899855392921,0.95,0.00689202437604511,5.98212616851171,"population_ate"
"Model1","SBR",500,"aipw_sl__grouped_nn","aipw_sl","grouped_nn",TRUE,1000,1000,-0.0319575097834186,0.0319575097834186,9.58349734454306,9.51759924263053,9.5787577072365,0.957,0.00641490451994416,6.69664878197083,"population_ate"
"Model1","SBR",500,"aipw_sl__grouped_rf","aipw_sl","grouped_rf",TRUE,1000,1000,-0.284781428861277,0.284781428861277,8.28200033090105,8.3693000886262,8.28275548436559,0.949,0.00695693898205238,5.62923777643097,"population_ate"
"Model1","SBR",500,"aipw_sl__rfnn","aipw_sl","rfnn",TRUE,1000,1000,-0.181960364110569,0.181960364110569,8.91356303264279,8.98490603493979,8.91096313004753,0.946,0.00714730718522718,6.02432210070502,"population_ate"
"Model1","SBR",500,"aipw_stack__grouped_nn","aipw_stack","grouped_nn",TRUE,1000,1000,-0.0104649126534464,0.0104649126534464,9.66375626880943,9.55001854030361,9.65892885117845,0.951,0.00682634602111555,6.92143970110481,"population_ate"
"Model1","SBR",500,"aipw_stack__grouped_rf","aipw_stack","grouped_rf",TRUE,1000,1000,-0.266081449753098,0.266081449753098,8.10522147937847,8.18866577863549,8.10553637660403,0.945,0.00720936890441875,5.4857243698188,"population_ate"
"Model1","SBR",500,"aipw_stack__rfnn","aipw_stack","rfnn",TRUE,1000,1000,-0.182893348910513,0.182893348910513,8.83444542011452,8.90078315602631,8.83192099331607,0.949,0.00695693898205238,5.95853345744917,"population_ate"
"Model1","SBR",500,"cal_quadratic__grouped_nn","cal_quadratic","grouped_nn",TRUE,1000,1000,-0.599875138088864,0.599875138088864,9.15356685005339,8.86114402804946,9.16863394806528,0.945,0.00720936890441875,6.15109698801172,"population_ate"
"Model1","SBR",500,"cal_quadratic__grouped_rf","cal_quadratic","grouped_rf",TRUE,1000,1000,-0.0977803256627999,0.0977803256627999,5.99430991381167,6.07188971490797,5.99210986077231,0.955,0.00655553201502365,3.93190033886474,"population_ate"
"Model1","SBR",500,"cal_quadratic__nn","cal_quadratic","nn",TRUE,1000,1000,-0.304837350194353,0.304837350194353,10.8358057368099,10.8122071499095,10.8346756799634,0.952,0.00675988165576884,7.15361530577398,"population_ate"
"Model1","SBR",500,"cal_quadratic__rf","cal_quadratic","rf",TRUE,1000,1000,-0.264927841925551,0.264927841925551,6.97777814552913,7.33277866807076,6.97931839235057,0.959,0.00627048642451286,4.69444570098422,"population_ate"
"Model1","SBR",500,"cal_quadratic__rflin","cal_quadratic","rflin",TRUE,1000,1000,-0.136367814083893,0.136367814083893,4.76429317819256,5.21818311797513,4.76386263225572,0.969,0.00548078461536303,3.32858926179816,"population_ate"
"Model1","SBR",500,"cal_quadratic__rfnn","cal_quadratic","rfnn",TRUE,1000,1000,-0.311939853198994,0.311939853198994,7.11131535979084,7.25882820288636,7.114600608064,0.953,0.00669260786241059,4.61322188449684,"population_ate"
"Model1","SBR",500,"cal_quartic__grouped_nn","cal_quartic","grouped_nn",TRUE,1000,1000,-0.449068927926478,0.449068927926478,9.18869185625919,8.86114402804946,9.19506872585973,0.941,0.00745110730026082,6.2381117609251,"population_ate"
"Model1","SBR",500,"cal_quartic__grouped_rf","cal_quartic","grouped_rf",TRUE,1000,1000,-0.0629240022941471,0.0629240022941471,5.84416138218291,6.07188971490797,5.84157748119476,0.964,0.00589101010014412,3.83117943319428,"population_ate"
"Model1","SBR",500,"cal_quartic__nn","cal_quartic","nn",TRUE,1000,1000,-0.195282192764518,0.195282192764518,10.8397050981957,10.8122071499095,10.8360436758093,0.951,0.00682634602111555,7.17611090896561,"population_ate"
"Model1","SBR",500,"cal_quartic__rf","cal_quartic","rf",TRUE,1000,1000,-0.253362363533057,0.253362363533057,6.92449801151409,7.33277866807076,6.92567083581123,0.963,0.00596917079668525,4.64241847483717,"population_ate"
"Model1","SBR",500,"cal_quartic__rflin","cal_quartic","rflin",TRUE,1000,1000,-0.1552167780559,0.1552167780559,4.59286318525217,5.21818311797513,4.59318953390739,0.981,0.00431729081716764,3.14600796790519,"population_ate"
"Model1","SBR",500,"cal_quartic__rfnn","cal_quartic","rfnn",TRUE,1000,1000,-0.227266539104983,0.227266539104983,7.05989742448293,7.25882820288636,7.06002546541961,0.954,0.00662449998113065,4.71376957200194,"population_ate"
"Model1","SBR",500,"lin","lin","lin",FALSE,1000,1000,-0.203162011828154,0.203162011828154,4.26785040592238,4.14215143779312,4.27055117558549,0.94,0.00750999334220744,2.85276136510338,"population_ate"
"Model1","SBR",500,"sdim","sdim","sdim",FALSE,1000,1000,-0.303632188550429,0.303632188550429,12.0473914884752,12.2917284562589,12.0451938357518,0.953,0.00669260786241059,8.11767004368594,"population_ate"
"Model1","PS",500,"aipw_nn","aipw_nn","nn",TRUE,1000,1000,-0.0899683303580249,0.0899683303580249,12.1278813728602,12.3442920583459,12.1221497840954,0.955,0.00655553201502365,8.5853120693196,"population_ate"
"Model1","PS",500,"aipw_rf","aipw_rf","rf",TRUE,1000,1000,-0.330668288317194,0.330668288317194,9.30935955891175,9.03824024948097,9.31057746536717,0.941,0.00745110730026082,6.40745979744896,"population_ate"
"Model1","PS",500,"aipw_sl__grouped_nn","aipw_sl","grouped_nn",TRUE,1000,1000,-0.144446097497096,0.144446097497096,9.84865667708459,9.57584392803489,9.84479085505741,0.944,0.00727076337120113,6.77529433711089,"population_ate"
"Model1","PS",500,"aipw_sl__grouped_rf","aipw_sl","grouped_rf",TRUE,1000,1000,-0.310969274639682,0.310969274639682,8.66725301896768,8.37121588025809,8.66849788081415,0.943,0.00733150734842434,5.82973638000218,"population_ate"
"Model1","PS",500,"aipw_sl__rfnn","aipw_sl","rfnn",TRUE,1000,1000,-0.306980030134297,0.306980030134297,9.24358999274787,8.98874876867902,9.244065595666,0.944,0.00727076337120113,6.38056343432615,"population_ate"
"Model1","PS",500,"aipw_stack__grouped_nn","aipw_stack","grouped_nn",TRUE,1000,1000,-0.129581453964049,0.129581453964049,9.85891684878587,9.60626911971873,9.85483812870887,0.945,0.00720936890441875,6.7765614043681,"population_ate"
"Model1","PS",500,"aipw_stack__grouped_rf","aipw_stack","grouped_rf",TRUE,1000,1000,-0.308922755548816,0.308922755548816,8.47866833252073,8.19774618482727,8.48005673006335,0.944,0.00727076337120113,5.62927804369671,"population_ate"
"Model1","PS",500,"aipw_stack__rfnn","aipw_stack","rfnn",TRUE,1000,1000,-0.29812183460591,0.29812183460591,9.15635553389275,8.90465335235696,9.15663062729158,0.945,0.00720936890441875,6.29894692304171,"population_ate"
"Model1","PS",500,"cal_quadratic__grouped_nn","cal_quadratic","grouped_nn",TRUE,1000,1000,-0.85391803882271,0.85391803882271,9.57639926679235,8.88070313341197,9.6096249412311,0.929,0.00812151463706124,6.53677906111474,"population_ate"
"Model1","PS",500,"cal_quadratic__grouped_rf","cal_quadratic","grouped_rf",TRUE,1000,1000,-0.233699313163184,0.233699313163184,6.06934369281331,6.08684404899144,6.07080812557968,0.952,0.00675988165576884,4.12026526391422,"population_ate"
"Model1","PS",500,"cal_quadratic__nn","cal_quadratic","nn",TRUE,1000,1000,-0.337307330834188,0.337307330834188,10.8923421792817,10.8335911987815,10.8921187685336,0.953,0.00669260786241059,7.52704416704156,"population_ate"
"Model1","PS",500,"cal_quadratic__rf","cal_quadratic","rf",TRUE,1000,1000,-0.33006912013155,0.33006912013155,7.19435601675814,7.32956756423102,7.19832934516285,0.95,0.00689202437604511,5.02298285382354,"population_ate"
"Model1","PS",500,"cal_quadratic__rflin","cal_quadratic","rflin",TRUE,1000,1000,-0.132544206461163,0.132544206461163,4.8421035567427,5.21970496919557,4.84149655107101,0.966,0.00573096850453743,3.33084305419925,"population_ate"
"Model1","PS",500,"cal_quadratic__rfnn","cal_quadratic","rfnn",TRUE,1000,1000,-0.459471197901836,0.459471197901836,7.21794461042215,7.25628885908464,7.22895147697261,0.948,0.00702111102319284,4.86317275606175,"population_ate"
"Model1","PS",500,"cal_quartic__grouped_nn","cal_quartic","grouped_nn",TRUE,1000,1000,-0.689546007384869,0.689546007384869,9.52383399877418,8.88070313341197,9.54401300913149,0.931,0.00801492358042171,6.34342863332365,"population_ate"
"Model1","PS",500,"cal_quartic__grouped_rf","cal_quartic","grouped_rf",TRUE,1000,1000,-0.20472437469381,0.20472437469381,5.90727696491411,6.08684404899144,5.90787079146611,0.955,0.00655553201502365,3.99948829555885,"population_ate"
"Model1","PS",500,"cal_quartic__nn","cal_quartic","nn",TRUE,1000,1000,-0.237583176434657,0.237583176434657,10.8707438299759,10.8335911987815,10.8679043109179,0.954,0.00662449998113065,7.65810963057002,"population_ate"
"Model1","PS",500,"cal_quartic__rf","cal_quartic","rf",TRUE,1000,1000,-0.319448769050163,0.319448769050163,7.14227152370764,7.32956756423102,7.14584340661719,0.954,0.00662449998113065,4.87503716016739,"population_ate"
"Model1","PS",500,"cal_quartic__rflin","cal_quartic","rflin",TRUE,1000,1000,-0.154163055963126,0.154163055963126,4.68384306431219,5.21970496919557,4.68403818441718,0.97,0.00539444158370447,3.26041008152022,"population_ate"
"Model1","PS",500,"cal_quartic__rfnn","cal_quartic","rfnn",TRUE,1000,1000,-0.400642511127473,0.400642511127473,7.13673779814681,7.25628885908464,7.14441094806425,0.952,0.00675988165576884,4.70757971149528,"population_ate"
"Model1","PS",500,"lin","lin","lin",FALSE,1000,1000,-0.204711981427193,0.204711981427193,4.27312883703925,4.14248727878981,4.27589492658769,0.939,0.00756828910652864,2.85098800049212,"population_ate"
"Model1","PS",500,"sdim","sdim","sdim",FALSE,1000,1000,-0.411939626305521,0.411939626305521,12.5366595441717,12.2929397005368,12.5371591259609,0.944,0.00727076337120113,8.37805213515871,"population_ate"
"Model1","SRS",1500,"aipw_nn","aipw_nn","nn",TRUE,1000,1000,-0.00699565326556209,0.00699565326556209,4.02063813649866,3.99119260092697,4.01863340363455,0.956,0.00648567652600714,2.68231565590364,"population_ate"
"Model1","SRS",1500,"aipw_rf","aipw_rf","rf",TRUE,1000,1000,-0.0731489682176144,0.0731489682176144,3.81333522670329,3.83313964570195,3.81212995544699,0.956,0.00648567652600714,2.77435384253354,"population_ate"
"Model1","SRS",1500,"aipw_sl__grouped_nn","aipw_sl","grouped_nn",TRUE,1000,1000,-0.122249145867561,0.122249145867561,2.82138011780753,2.83620408965773,2.82261765690216,0.95,0.00689202437604511,1.80433866682456,"population_ate"
"Model1","SRS",1500,"aipw_sl__grouped_rf","aipw_sl","grouped_rf",TRUE,1000,1000,-0.0806091616873239,0.0806091616873239,3.53645711311159,3.54960587858245,3.5356074755143,0.959,0.00627048642451286,2.56427415934326,"population_ate"
"Model1","SRS",1500,"aipw_sl__rfnn","aipw_sl","rfnn",TRUE,1000,1000,-0.0707471735942143,0.0707471735942143,3.45139648530869,3.48138607888741,3.45039573435772,0.957,0.00641490451994416,2.44684169003624,"population_ate"
"Model1","SRS",1500,"aipw_stack__grouped_nn","aipw_stack","grouped_nn",TRUE,1000,1000,-0.123640411976498,0.123640411976498,2.82467308713843,2.83971106565578,2.82596642277091,0.95,0.00689202437604511,1.79720489874474,"population_ate"
"Model1","SRS",1500,"aipw_stack__grouped_rf","aipw_stack","grouped_rf",TRUE,1000,1000,-0.0846948576321599,0.0846948576321599,3.41682595406565,3.43036193655115,3.4161671679948,0.961,0.00612200947402077,2.50665718463203,"population_ate"
"Model1","SRS",1500,"aipw_stack__rfnn","aipw_stack","rfnn",TRUE,1000,1000,-0.0690305943906409,0.0690305943906409,3.37929534102626,3.4113592502397,3.37831061151011,0.957,0.00641490451994416,2.38233250602161,"population_ate"
"Model1","SRS",1500,"cal_quadratic__grouped_nn","cal_quadratic","grouped_nn",TRUE,1000,1000,-0.244397438482505,0.244397438482505,2.6261709558926,2.68801715924047,2.63621076995393,0.95,0.00689202437604511,1.82883833450148,"population_ate"
"Model1","SRS",1500,"cal_quadratic__grouped_rf","cal_quadratic","grouped_rf",TRUE,1000,1000,-0.0651376063733978,0.0651376063733978,2.75858646560265,2.82900373419462,2.75797614142725,0.956,0.00648567652600714,1.89350408870357,"population_ate"
"Model1","SRS",1500,"cal_quadratic__nn","cal_quadratic","nn",TRUE,1000,1000,-0.010471530909258,0.010471530909258,3.65645932606608,3.68568086403622,3.65464564100708,0.953,0.00669260786241059,2.4583503562654,"population_ate"
"Model1","SRS",1500,"cal_quadratic__rf","cal_quadratic","rf",TRUE,1000,1000,-0.117476457968514,0.117476457968514,2.96832957107467,3.07270732625178,2.96916994802431,0.963,0.00596917079668525,2.0966137128528,"population_ate"
"Model1","SRS",1500,"cal_quadratic__rflin","cal_quadratic","rflin",TRUE,1000,1000,-0.0803996913144343,0.0803996913144343,2.4595451935544,2.57986025522127,2.45962950603152,0.963,0.00596917079668525,1.69655737389832,"population_ate"
"Model1","SRS",1500,"cal_quadratic__rfnn","cal_quadratic","rfnn",TRUE,1000,1000,-0.144645575452411,0.144645575452411,2.74472527687771,2.86342322812425,2.74716320432257,0.962,0.00604615580348373,1.89452509066963,"population_ate"
"Model1","SRS",1500,"cal_quartic__grouped_nn","cal_quartic","grouped_nn",TRUE,1000,1000,-0.199782657574108,0.199782657574108,2.60566973193546,2.68801715924047,2.61201806032042,0.957,0.00641490451994416,1.81345235424628,"population_ate"
"Model1","SRS",1500,"cal_quartic__grouped_rf","cal_quartic","grouped_rf",TRUE,1000,1000,-0.0893177421444011,0.0893177421444011,2.73498731407057,2.82900373419462,2.73507826425143,0.953,0.00669260786241059,1.89950813792939,"population_ate"
"Model1","SRS",1500,"cal_quartic__nn","cal_quartic","nn",TRUE,1000,1000,0.00469182049855727,0.00469182049855727,3.64317889576843,3.68568086403622,3.64135987335576,0.957,0.00641490451994416,2.46715315736412,"population_ate"
"Model1","SRS",1500,"cal_quartic__rf","cal_quartic","rf",TRUE,1000,1000,-0.126017273301713,0.126017273301713,2.95679676633556,3.07270732625178,2.95800351985345,0.963,0.00596917079668525,2.07750105503295,"population_ate"
"Model1","SRS",1500,"cal_quartic__rflin","cal_quartic","rflin",TRUE,1000,1000,-0.114851621386949,0.114851621386949,2.44133982049313,2.57986025522127,2.44282027049505,0.965,0.00581162627841812,1.69610196257058,"population_ate"
"Model1","SRS",1500,"cal_quartic__rfnn","cal_quartic","rfnn",TRUE,1000,1000,-0.142505344345569,0.142505344345569,2.73044425469799,2.86342322812425,2.73279678632574,0.964,0.00589101010014412,1.89670298212496,"population_ate"
"Model1","SRS",1500,"lin","lin","lin",FALSE,1000,1000,-0.121638003151723,0.121638003151723,2.41220072088712,2.38503638031615,2.41406077167524,0.95,0.00689202437604511,1.66798593091823,"population_ate"
"Model1","SRS",1500,"sdim","sdim","sdim",FALSE,1000,1000,0.0178972490418784,0.0178972490418784,7.20483724456115,7.08370473112775,7.20125616489361,0.946,0.00714730718522718,4.9886116642484,"population_ate"
"Model1","SBR",1500,"aipw_nn","aipw_nn","nn",TRUE,1000,1000,-0.140508083746865,0.140508083746865,4.12134081024619,3.97479568071037,4.12167528387727,0.944,0.00727076337120113,2.86914925268262,"population_ate"
"Model1","SBR",1500,"aipw_rf","aipw_rf","rf",TRUE,1000,1000,-0.157132446854069,0.157132446854069,3.71064679258666,3.82246835891687,3.71211817236045,0.964,0.00589101010014412,2.51125010302635,"population_ate"
"Model1","SBR",1500,"aipw_sl__grouped_nn","aipw_sl","grouped_nn",TRUE,1000,1000,-0.0987828788439579,0.0987828788439579,2.91081292805183,2.83305004624517,2.91103368708853,0.944,0.00727076337120113,1.93249448533144,"population_ate"
"Model1","SBR",1500,"aipw_sl__grouped_rf","aipw_sl","grouped_rf",TRUE,1000,1000,-0.159685477891697,0.159685477891697,3.43468960467913,3.54462231935507,3.43668372703393,0.961,0.00612200947402077,2.34724841500743,"population_ate"
"Model1","SBR",1500,"aipw_sl__rfnn","aipw_sl","rfnn",TRUE,1000,1000,-0.141402262420651,0.141402262420651,3.40878978660481,3.46867848101998,3.4100179708133,0.957,0.00641490451994416,2.36113409860604,"population_ate"
"Model1","SBR",1500,"aipw_stack__grouped_nn","aipw_stack","grouped_nn",TRUE,1000,1000,-0.102060006371218,0.102060006371218,2.91358683223004,2.8365467969963,2.91391754955692,0.944,0.00727076337120113,1.94529028837021,"population_ate"
"Model1","SBR",1500,"aipw_stack__grouped_rf","aipw_stack","grouped_rf",TRUE,1000,1000,-0.16973333450705,0.16973333450705,3.32876537275602,3.42514897541922,3.33142726662245,0.961,0.00612200947402077,2.27161756070404,"population_ate"
"Model1","SBR",1500,"aipw_stack__rfnn","aipw_stack","rfnn",TRUE,1000,1000,-0.142641737014907,0.142641737014907,3.34701870132691,3.39822012577493,3.34838443401944,0.954,0.00662449998113065,2.34539645278066,"population_ate"
"Model1","SBR",1500,"cal_quadratic__grouped_nn","cal_quadratic","grouped_nn",TRUE,1000,1000,-0.224566109480015,0.224566109480015,2.65155080574877,2.67641183158487,2.65972195752084,0.951,0.00682634602111555,1.83228516853687,"population_ate"
"Model1","SBR",1500,"cal_quadratic__grouped_rf","cal_quadratic","grouped_rf",TRUE,1000,1000,-0.11718526828461,0.11718526828461,2.74399757863537,2.82183001908984,2.74512760649631,0.958,0.00634318531969546,1.94471973600078,"population_ate"
"Model1","SBR",1500,"cal_quadratic__nn","cal_quadratic","nn",TRUE,1000,1000,-0.119378711410794,0.119378711410794,3.62842712069048,3.67059982624006,3.62857674075251,0.943,0.00733150734842434,2.46144201362866,"population_ate"
"Model1","SBR",1500,"cal_quadratic__rf","cal_quadratic","rf",TRUE,1000,1000,-0.160161165440208,0.160161165440208,2.92609416391355,3.06101817505116,2.92901291017093,0.962,0.00604615580348373,2.09401917737532,"population_ate"
"Model1","SBR",1500,"cal_quadratic__rflin","cal_quadratic","rflin",TRUE,1000,1000,-0.0683554401982185,0.0683554401982185,2.48102968448941,2.57396858508768,2.4807307901558,0.959,0.00627048642451286,1.6866736866754,"population_ate"
"Model1","SBR",1500,"cal_quadratic__rfnn","cal_quadratic","rfnn",TRUE,1000,1000,-0.140032964481741,0.140032964481741,2.77285146780958,2.85349961631385,2.77500014205635,0.957,0.00641490451994416,1.92228425225508,"population_ate"
"Model1","SBR",1500,"cal_quartic__grouped_nn","cal_quartic","grouped_nn",TRUE,1000,1000,-0.164520513323349,0.164520513323349,2.61261601885401,2.67641183158487,2.61648690018024,0.954,0.00662449998113065,1.82134022979781,"population_ate"
"Model1","SBR",1500,"cal_quartic__grouped_rf","cal_quartic","grouped_rf",TRUE,1000,1000,-0.152457589656224,0.152457589656224,2.70711806668184,2.82183001908984,2.71005591369847,0.964,0.00589101010014412,1.8778266700251,"population_ate"
"Model1","SBR",1500,"cal_quartic__nn","cal_quartic","nn",TRUE,1000,1000,-0.0983726503258561,0.0983726503258561,3.62809588748194,3.67059982624006,3.62761545196383,0.947,0.00708456067798138,2.45950231315947,"population_ate"
"Model1","SBR",1500,"cal_quartic__rf","cal_quartic","rf",TRUE,1000,1000,-0.162443978923129,0.162443978923129,2.91926658155097,3.06101817505116,2.92232498245395,0.96,0.00619677335393187,2.09955493280963,"population_ate"
"Model1","SBR",1500,"cal_quartic__rflin","cal_quartic","rflin",TRUE,1000,1000,-0.0925957496158832,0.0925957496158832,2.45311379738919,2.57396858508768,2.45363475449896,0.963,0.00596917079668525,1.66566742635169,"population_ate"
"Model1","SBR",1500,"cal_quartic__rfnn","cal_quartic","rfnn",TRUE,1000,1000,-0.131919053638017,0.131919053638017,2.76005936210576,2.85349961631385,2.7618313473813,0.961,0.00612200947402077,1.89409150593099,"population_ate"
"Model1","SBR",1500,"lin","lin","lin",FALSE,1000,1000,-0.119418323157829,0.119418323157829,2.41652162503871,2.38252086866935,2.41826341067744,0.949,0.00695693898205238,1.6713324242216,"population_ate"
"Model1","SBR",1500,"sdim","sdim","sdim",FALSE,1000,1000,-0.166637976071121,0.166637976071121,6.8211624951693,7.08169890400548,6.8197872212253,0.959,0.00627048642451286,4.7613632846971,"population_ate"
"Model1","PS",1500,"aipw_nn","aipw_nn","nn",TRUE,1000,1000,-0.316215745556071,0.316215745556071,4.05807546140136,3.96646347822832,4.06835358243541,0.933,0.00790638982089803,2.6085715198465,"population_ate"
"Model1","PS",1500,"aipw_rf","aipw_rf","rf",TRUE,1000,1000,-0.181816676902308,0.181816676902308,3.88082689392076,3.82539929060512,3.88314484241805,0.943,0.00733150734842434,2.71560716578943,"population_ate"
"Model1","PS",1500,"aipw_sl__grouped_nn","aipw_sl","grouped_nn",TRUE,1000,1000,-0.129966422348561,0.129966422348561,2.8895979233398,2.82817558476689,2.89107551844451,0.944,0.00727076337120113,1.97738892162972,"population_ate"
"Model1","PS",1500,"aipw_sl__grouped_rf","aipw_sl","grouped_rf",TRUE,1000,1000,-0.167714517202949,0.167714517202949,3.58144862410616,3.5464813267188,3.58358418795281,0.945,0.00720936890441875,2.43991166547398,"population_ate"
"Model1","PS",1500,"aipw_sl__rfnn","aipw_sl","rfnn",TRUE,1000,1000,-0.20757623469539,0.20757623469539,3.54479471694401,3.4697079358929,3.54909733719705,0.945,0.00720936890441875,2.44551439881065,"population_ate"
"Model1","PS",1500,"aipw_stack__grouped_nn","aipw_stack","grouped_nn",TRUE,1000,1000,-0.130620383901722,0.130620383901722,2.89047915862092,2.83235940522206,2.89198488608535,0.944,0.00727076337120113,1.96431268797842,"population_ate"
"Model1","PS",1500,"aipw_stack__grouped_rf","aipw_stack","grouped_rf",TRUE,1000,1000,-0.158632035460667,0.158632035460667,3.46544306639982,3.42730500099185,3.46734054766567,0.947,0.00708456067798138,2.38857405020374,"population_ate"
"Model1","PS",1500,"aipw_stack__rfnn","aipw_stack","rfnn",TRUE,1000,1000,-0.202473172742692,0.202473172742692,3.47034435506152,3.39925798734486,3.47451320884598,0.943,0.00733150734842434,2.34313199631131,"population_ate"
"Model1","PS",1500,"cal_quadratic__grouped_nn","cal_quadratic","grouped_nn",TRUE,1000,1000,-0.273186113838833,0.273186113838833,2.66882662870918,2.68049003707367,2.6814443106892,0.952,0.00675988165576884,1.87942513166663,"population_ate"
"Model1","PS",1500,"cal_quadratic__grouped_rf","cal_quadratic","grouped_rf",TRUE,1000,1000,-0.0494054882292648,0.0494054882292648,2.73417966357123,2.82234438489439,2.73325878696492,0.961,0.00612200947402077,1.91273522297619,"population_ate"
"Model1","PS",1500,"cal_quadratic__nn","cal_quadratic","nn",TRUE,1000,1000,-0.286650150698149,0.286650150698149,3.65902518837711,3.67061331741959,3.66841180522911,0.95,0.00689202437604511,2.42026971218964,"population_ate"
"Model1","PS",1500,"cal_quadratic__rf","cal_quadratic","rf",TRUE,1000,1000,-0.0880193258607775,0.0880193258607775,2.89056094256839,3.0641200084177,2.89045578099098,0.96,0.00619677335393187,1.9800061630197,"population_ate"
"Model1","PS",1500,"cal_quadratic__rflin","cal_quadratic","rflin",TRUE,1000,1000,-0.0861943673086743,0.0861943673086743,2.46195569450499,2.57638279011553,2.46223355610705,0.965,0.00581162627841812,1.71416812419362,"population_ate"
"Model1","PS",1500,"cal_quadratic__rfnn","cal_quadratic","rfnn",TRUE,1000,1000,-0.147317806317899,0.147317806317899,2.78674886260955,2.85241290180224,2.7892482482007,0.954,0.00662449998113065,1.93388763297736,"population_ate"
"Model1","PS",1500,"cal_quartic__grouped_nn","cal_quartic","grouped_nn",TRUE,1000,1000,-0.213437163276048,0.213437163276048,2.62393943295362,2.68049003707367,2.63129787601642,0.96,0.00619677335393187,1.79969204783025,"population_ate"
"Model1","PS",1500,"cal_quartic__grouped_rf","cal_quartic","grouped_rf",TRUE,1000,1000,-0.0689159942535849,0.0689159942535849,2.68926239881958,2.82234438489439,2.68880076088191,0.963,0.00596917079668525,1.81935152061754,"population_ate"
"Model1","PS",1500,"cal_quartic__nn","cal_quartic","nn",TRUE,1000,1000,-0.276693057688026,0.276693057688026,3.65631587459194,3.67061331741959,3.66494695421243,0.947,0.00708456067798138,2.37357632466544,"population_ate"
"Model1","PS",1500,"cal_quartic__rf","cal_quartic","rf",TRUE,1000,1000,-0.0898639539307442,0.0898639539307442,2.87153209923314,3.0641200084177,2.87150246918672,0.961,0.00612200947402077,1.95564922677774,"population_ate"
"Model1","PS",1500,"cal_quartic__rflin","cal_quartic","rflin",TRUE,1000,1000,-0.111695276665686,0.111695276665686,2.43396300031227,2.57638279011553,2.43530851142759,0.963,0.00596917079668525,1.69081044907928,"population_ate"
"Model1","PS",1500,"cal_quartic__rfnn","cal_quartic","rfnn",TRUE,1000,1000,-0.134904276189359,0.134904276189359,2.76066228142717,2.85241290180224,2.7625774449953,0.957,0.00641490451994416,1.89114072881845,"population_ate"
"Model1","PS",1500,"lin","lin","lin",FALSE,1000,1000,-0.119369702328918,0.119369702328918,2.40976918017971,2.38241731900534,2.41152019275733,0.95,0.00689202437604511,1.64886141800908,"population_ate"
"Model1","PS",1500,"sdim","sdim","sdim",FALSE,1000,1000,-0.282101719213117,0.282101719213117,7.19101802457761,7.08108166675962,7.19295564212329,0.94,0.00750999334220744,5.09574177092436,"population_ate"
"Model2","SRS",500,"aipw_nn","aipw_nn","nn",TRUE,1000,1000,0.14622883042149,0.14622883042149,4.44098593254177,4.43670660774066,4.4411728820017,0.949,0.00695693898205238,2.86716037881782,"population_ate"
"Model2","SRS",500,"aipw_rf","aipw_rf","rf",TRUE,1000,1000,0.0231371250472888,0.0231371250472888,2.6930332727995,2.69008816809714,2.69178585826441,0.951,0.00682634602111555,1.74801425976987,"population_ate"
"Model2","SRS",500,"aipw_sl__grouped_nn","aipw_sl","grouped_nn",TRUE,1000,1000,0.0123516301592298,0.0123516301592298,3.61330937812902,3.66221982594682,3.61152339327611,0.955,0.00655553201502365,2.42067408436185,"population_ate"
"Model2","SRS",500,"aipw_sl__grouped_rf","aipw_sl","grouped_rf",TRUE,1000,1000,0.0416691350791642,0.0416691350791642,2.62574607088089,2.60016979627967,2.62476364709966,0.95,0.00689202437604511,1.70361416549392,"population_ate"
"Model2","SRS",500,"aipw_sl__rfnn","aipw_sl","rfnn",TRUE,1000,1000,0.026644422163114,0.026644422163114,2.69973959901183,2.69804093797175,2.6985209344755,0.953,0.00669260786241059,1.77125759829791,"population_ate"
"Model2","SRS",500,"aipw_stack__grouped_nn","aipw_stack","grouped_nn",TRUE,1000,1000,0.00633148757789514,0.00633148757789514,3.60268420249711,3.645888633104,3.6008879762073,0.953,0.00669260786241059,2.46748693460109,"population_ate"
"Model2","SRS",500,"aipw_stack__grouped_rf","aipw_stack","grouped_rf",TRUE,1000,1000,0.0375865155740242,0.0375865155740242,2.60746990079628,2.57953760638087,2.60643686484596,0.951,0.00682634602111555,1.69633916964218,"population_ate"
"Model2","SRS",500,"aipw_stack__rfnn","aipw_stack","rfnn",TRUE,1000,1000,0.0280338512096134,0.0280338512096134,2.68808150728753,2.68475943639593,2.68688338125141,0.951,0.00682634602111555,1.76345386723409,"population_ate"
"Model2","SRS",500,"cal_quadratic__grouped_nn","cal_quadratic","grouped_nn",TRUE,1000,1000,0.0313978543122306,0.0313978543122306,3.4471213703713,3.30437666211647,3.44554043969648,0.939,0.00756828910652864,2.33788388939262,"population_ate"
"Model2","SRS",500,"cal_quadratic__grouped_rf","cal_quadratic","grouped_rf",TRUE,1000,1000,0.206930101830827,0.206930101830827,2.38988087927328,2.32164345092481,2.39763198876363,0.944,0.00727076337120113,1.59677910613049,"population_ate"
"Model2","SRS",500,"cal_quadratic__nn","cal_quadratic","nn",TRUE,1000,1000,0.03015534311479,0.03015534311479,3.31983672701528,3.32185637874165,3.31831341540606,0.951,0.00682634602111555,2.22013373839729,"population_ate"
"Model2","SRS",500,"cal_quadratic__rf","cal_quadratic","rf",TRUE,1000,1000,0.0023653113813161,0.0023653113813161,2.51216426806015,2.53433611796556,2.51090898582692,0.944,0.00727076337120113,1.59218913787214,"population_ate"
"Model2","SRS",500,"cal_quadratic__rflin","cal_quadratic","rflin",TRUE,1000,1000,0.0074167397492527,0.0074167397492527,2.54506071493963,2.49897795877473,2.54379867849537,0.942,0.00739161687318817,1.59098190664717,"population_ate"
"Model2","SRS",500,"cal_quadratic__rfnn","cal_quadratic","rfnn",TRUE,1000,1000,0.0187200177288239,0.0187200177288239,2.50057529466883,2.52300413099918,2.49939480006012,0.948,0.00702111102319284,1.61428411583887,"population_ate"
"Model2","SRS",500,"cal_quartic__grouped_nn","cal_quartic","grouped_nn",TRUE,1000,1000,0.0167961692163444,0.0167961692163444,3.48983994127782,3.30437666211647,3.4881350237946,0.936,0.0077397674383666,2.39209723874363,"population_ate"
"Model2","SRS",500,"cal_quartic__grouped_rf","cal_quartic","grouped_rf",TRUE,1000,1000,0.19730932778962,0.19730932778962,2.39552064239883,2.32164345092481,2.40243867764477,0.939,0.00756828910652864,1.62455532084907,"population_ate"
"Model2","SRS",500,"cal_quartic__nn","cal_quartic","nn",TRUE,1000,1000,0.0161907557056938,0.0161907557056938,3.32530765267391,3.32185637874165,3.32368401845257,0.949,0.00695693898205238,2.24242284804906,"population_ate"
"Model2","SRS",500,"cal_quartic__rf","cal_quartic","rf",TRUE,1000,1000,0.0213178693245008,0.0213178693245008,2.50861138386108,2.53433611796556,2.50744738643001,0.945,0.00720936890441875,1.5823983418988,"population_ate"
"Model2","SRS",500,"cal_quartic__rflin","cal_quartic","rflin",TRUE,1000,1000,0.0160981293611083,0.0160981293611083,2.54661968908579,2.49897795877473,2.54539696683396,0.942,0.00739161687318817,1.62663641419676,"population_ate"
"Model2","SRS",500,"cal_quartic__rfnn","cal_quartic","rfnn",TRUE,1000,1000,0.0233313139956654,0.0233313139956654,2.49606773696812,2.52300413099918,2.49492848466612,0.948,0.00702111102319284,1.60740278437935,"population_ate"
"Model2","SRS",500,"lin","lin","lin",FALSE,1000,1000,0.914233841134305,0.914233841134305,3.58738210558164,2.68963948640729,3.70030601131192,0.865,0.0108062481925967,2.32567540004636,"population_ate"
"Model2","SRS",500,"sdim","sdim","sdim",FALSE,1000,1000,0.0302456966101705,0.0302456966101705,3.29378642081104,3.28056730556736,3.29227805008884,0.948,0.00702111102319284,2.22021504149383,"population_ate"
"Model2","SBR",500,"aipw_nn","aipw_nn","nn",TRUE,1000,1000,0.0217697119384355,0.0217697119384355,4.23661661647436,4.41516663502456,4.23455373740723,0.955,0.00655553201502365,2.7297935377528,"population_ate"
"Model2","SBR",500,"aipw_rf","aipw_rf","rf",TRUE,1000,1000,0.0166354448494807,0.0166354448494807,2.59985825181185,2.68074204906261,2.59861124537896,0.954,0.00662449998113065,1.73846477659874,"population_ate"
"Model2","SBR",500,"aipw_sl__grouped_nn","aipw_sl","grouped_nn",TRUE,1000,1000,-0.0601982983344723,0.0601982983344723,3.50942991919419,3.64109625850006,3.50819128533493,0.957,0.00641490451994416,2.23528572592824,"population_ate"
"Model2","SBR",500,"aipw_sl__grouped_rf","aipw_sl","grouped_rf",TRUE,1000,1000,-0.00960870803708777,0.00960870803708777,2.51698865642765,2.59476229773005,2.51574819724849,0.957,0.00641490451994416,1.71329160893942,"population_ate"
"Model2","SBR",500,"aipw_sl__rfnn","aipw_sl","rfnn",TRUE,1000,1000,0.016227660773504,0.016227660773504,2.61582962961554,2.68893876949943,2.61457174762858,0.953,0.00669260786241059,1.70671261912366,"population_ate"
"Model2","SBR",500,"aipw_stack__grouped_nn","aipw_stack","grouped_nn",TRUE,1000,1000,-0.0681619199708408,0.0681619199708408,3.48497081238948,3.62457086056719,3.48389474424493,0.955,0.00655553201502365,2.26581622232165,"population_ate"
"Model2","SBR",500,"aipw_stack__grouped_rf","aipw_stack","grouped_rf",TRUE,1000,1000,-0.000106059046068722,0.000106059046068722,2.51172359300683,2.57485938264555,2.51046741932812,0.955,0.00655553201502365,1.72856140485989,"population_ate"
"Model2","SBR",500,"aipw_stack__rfnn","aipw_stack","rfnn",TRUE,1000,1000,0.018922537183253,0.018922537183253,2.60491250460168,2.67552858327548,2.60367848435382,0.952,0.00675988165576884,1.69291944839161,"population_ate"
"Model2","SBR",500,"cal_quadratic__grouped_nn","cal_quadratic","grouped_nn",TRUE,1000,1000,-0.000672223690049229,0.000672223690049229,3.3383981290602,3.29660701294376,3.33672858020086,0.944,0.00727076337120113,2.22815773049304,"population_ate"
"Model2","SBR",500,"cal_quadratic__grouped_rf","cal_quadratic","grouped_rf",TRUE,1000,1000,0.149137817388548,0.149137817388548,2.39126638506337,2.31702361155602,2.3947189517739,0.937,0.00768316341099159,1.59608862013088,"population_ate"
"Model2","SBR",500,"cal_quadratic__nn","cal_quadratic","nn",TRUE,1000,1000,-0.0215590798043465,0.0215590798043465,3.18774161217246,3.30657468693142,3.18622028166791,0.964,0.00589101010014412,2.14205086913779,"population_ate"
"Model2","SBR",500,"cal_quadratic__rf","cal_quadratic","rf",TRUE,1000,1000,0.031011244049995,0.031011244049995,2.50911604357235,2.52192955054016,2.50805290096712,0.946,0.00714730718522718,1.7260599242876,"population_ate"
"Model2","SBR",500,"cal_quadratic__rflin","cal_quadratic","rflin",TRUE,1000,1000,0.0162276775556167,0.0162276775556167,2.50456802506381,2.48643144218934,2.50336802502123,0.95,0.00689202437604511,1.71869194109621,"population_ate"
"Model2","SBR",500,"cal_quadratic__rfnn","cal_quadratic","rfnn",TRUE,1000,1000,0.0362378055003201,0.0362378055003201,2.54118497527145,2.51083306994691,2.54017256028292,0.946,0.00714730718522718,1.69771417227076,"population_ate"
"Model2","SBR",500,"cal_quartic__grouped_nn","cal_quartic","grouped_nn",TRUE,1000,1000,-0.00753945688617734,0.00753945688617734,3.37852951020443,3.29660701294376,3.37684823956911,0.94,0.00750999334220744,2.25444645109387,"population_ate"
"Model2","SBR",500,"cal_quartic__grouped_rf","cal_quartic","grouped_rf",TRUE,1000,1000,0.151228822983438,0.151228822983438,2.42472582718995,2.31702361155602,2.42822696604043,0.941,0.00745110730026082,1.60813790918733,"population_ate"
"Model2","SBR",500,"cal_quartic__nn","cal_quartic","nn",TRUE,1000,1000,-0.0272647663607906,0.0272647663607906,3.1967572936198,3.30657468693142,3.19527484022921,0.963,0.00596917079668525,2.12619995029636,"population_ate"
"Model2","SBR",500,"cal_quartic__rf","cal_quartic","rf",TRUE,1000,1000,0.060879901113318,0.060879901113318,2.51670119802111,2.52192955054016,2.51617914655542,0.945,0.00720936890441875,1.72642039060367,"population_ate"
"Model2","SBR",500,"cal_quartic__rflin","cal_quartic","rflin",TRUE,1000,1000,0.0410192206786122,0.0410192206786122,2.52372257385093,2.48643144218934,2.52279389380109,0.942,0.00739161687318817,1.73035107083521,"population_ate"
"Model2","SBR",500,"cal_quartic__rfnn","cal_quartic","rfnn",TRUE,1000,1000,0.052962054394927,0.052962054394927,2.55036997544201,2.51083306994691,2.54964460343598,0.945,0.00720936890441875,1.69157524381867,"population_ate"
"Model2","SBR",500,"lin","lin","lin",FALSE,1000,1000,0.959298163935483,0.959298163935483,3.05434742590711,2.61234817676364,3.1999940823816,0.872,0.0105648473723003,2.06480144714401,"population_ate"
"Model2","SBR",500,"sdim","sdim","sdim",FALSE,1000,1000,-0.0534340320864875,0.0534340320864875,3.13837539644187,3.27452493215861,3.13726089521539,0.962,0.00604615580348373,2.07464550869677,"population_ate"
"Model2","PS",500,"aipw_nn","aipw_nn","nn",TRUE,1000,1000,-0.0879596375628793,0.0879596375628793,4.37531842027587,4.41217694501373,4.37401471938158,0.956,0.00648567652600714,2.84070567001922,"population_ate"
"Model2","PS",500,"aipw_rf","aipw_rf","rf",TRUE,1000,1000,-0.0348644101973296,0.0348644101973296,2.67043835859384,2.68091641671979,2.66933049904292,0.955,0.00655553201502365,1.83967627351716,"population_ate"
"Model2","PS",500,"aipw_sl__grouped_nn","aipw_sl","grouped_nn",TRUE,1000,1000,-0.0906140824432519,0.0906140824432519,3.51801937277682,3.63873251432596,3.51742729261926,0.955,0.00655553201502365,2.45491095207425,"population_ate"
"Model2","PS",500,"aipw_sl__grouped_rf","aipw_sl","grouped_rf",TRUE,1000,1000,-0.00902036247731714,0.00902036247731714,2.58808701486057,2.59492717902895,2.58680837501208,0.953,0.00669260786241059,1.71937755565182,"population_ate"
"Model2","PS",500,"aipw_sl__rfnn","aipw_sl","rfnn",TRUE,1000,1000,-0.0294306272081796,0.0294306272081796,2.67891214116115,2.6886618206162,2.67773408904216,0.955,0.00655553201502365,1.86097796511196,"population_ate"
"Model2","PS",500,"aipw_stack__grouped_nn","aipw_stack","grouped_nn",TRUE,1000,1000,-0.0806660910032841,0.0806660910032841,3.49303216236626,3.62228529112498,3.49221697949534,0.953,0.00669260786241059,2.39743390957072,"population_ate"
"Model2","PS",500,"aipw_stack__grouped_rf","aipw_stack","grouped_rf",TRUE,1000,1000,-0.00420909646723553,0.00420909646723553,2.56277343193158,2.57468391350153,2.56149518294375,0.952,0.00675988165576884,1.71593282414349,"population_ate"
"Model2","PS",500,"aipw_stack__rfnn","aipw_stack","rfnn",TRUE,1000,1000,-0.029309936094795,0.029309936094795,2.66739414392642,2.67518863213198,2.66622122110822,0.955,0.00655553201502365,1.84042831078511,"population_ate"
"Model2","PS",500,"cal_quadratic__grouped_nn","cal_quadratic","grouped_nn",TRUE,1000,1000,-0.0167158759588058,0.0167158759588058,3.48130043187667,3.29844205989548,3.47959949775786,0.942,0.00739161687318817,2.39261164599446,"population_ate"
"Model2","PS",500,"cal_quadratic__grouped_rf","cal_quadratic","grouped_rf",TRUE,1000,1000,0.168131337251214,0.168131337251214,2.39985263799773,2.31827563819908,2.40453769735191,0.947,0.00708456067798138,1.56185874180599,"population_ate"
"Model2","PS",500,"cal_quadratic__nn","cal_quadratic","nn",TRUE,1000,1000,-0.0217835439330188,0.0217835439330188,3.31530243965022,3.30831514513739,3.31371597438143,0.955,0.00655553201502365,2.20185869085608,"population_ate"
"Model2","PS",500,"cal_quadratic__rf","cal_quadratic","rf",TRUE,1000,1000,-0.0226082389488484,0.0226082389488484,2.52002348980931,2.52099820793531,2.51886462583242,0.954,0.00662449998113065,1.75049595691459,"population_ate"
"Model2","PS",500,"cal_quadratic__rflin","cal_quadratic","rflin",TRUE,1000,1000,-0.0278931787324746,0.0278931787324746,2.5086460834832,2.48665410850287,2.50754658908329,0.948,0.00702111102319284,1.70418867071848,"population_ate"
"Model2","PS",500,"cal_quadratic__rfnn","cal_quadratic","rfnn",TRUE,1000,1000,0.0110393470943036,0.0110393470943036,2.53294668316182,2.50975960083251,2.53170396137167,0.95,0.00689202437604511,1.78529893228246,"population_ate"
"Model2","PS",500,"cal_quartic__grouped_nn","cal_quartic","grouped_nn",TRUE,1000,1000,-0.0388233056198616,0.0388233056198616,3.54088935975048,3.29844205989548,3.53933140714393,0.938,0.00762600813007697,2.51313859342496,"population_ate"
"Model2","PS",500,"cal_quartic__grouped_rf","cal_quartic","grouped_rf",TRUE,1000,1000,0.164858512202314,0.164858512202314,2.42191398838975,2.31827563819908,2.42630996140979,0.945,0.00720936890441875,1.56907498619388,"population_ate"
"Model2","PS",500,"cal_quartic__nn","cal_quartic","nn",TRUE,1000,1000,-0.0333348788702062,0.0333348788702062,3.33041616489474,3.30831514513739,3.32891744771631,0.952,0.00675988165576884,2.2094324856012,"population_ate"
"Model2","PS",500,"cal_quartic__rf","cal_quartic","rf",TRUE,1000,1000,0.00194730548250547,0.00194730548250547,2.52500685476074,2.52099820793531,2.52374478681399,0.954,0.00662449998113065,1.74666100967154,"population_ate"
"Model2","PS",500,"cal_quartic__rflin","cal_quartic","rflin",TRUE,1000,1000,-0.00625407930596272,0.00625407930596272,2.51406777273889,2.48665410850287,2.51281820724587,0.946,0.00714730718522718,1.70974669065592,"population_ate"
"Model2","PS",500,"cal_quartic__rfnn","cal_quartic","rfnn",TRUE,1000,1000,0.0188849496411286,0.0188849496411286,2.54047623836966,2.50975960083251,2.53927590850741,0.948,0.00702111102319284,1.73995164441438,"population_ate"
"Model2","PS",500,"lin","lin","lin",FALSE,1000,1000,1.03693624976357,1.03693624976357,3.15097310288976,2.6089956833516,3.31571103229961,0.883,0.010164201887015,2.29638875247619,"population_ate"
"Model2","PS",500,"sdim","sdim","sdim",FALSE,1000,1000,-0.0664857115820992,0.0664857115820992,3.24544993371047,3.27597769201069,3.24450807932322,0.956,0.00648567652600714,2.13470567495298,"population_ate"
"Model2","SRS",1500,"aipw_nn","aipw_nn","nn",TRUE,1000,1000,-0.066005909287918,0.066005909287918,1.99807898244922,2.01241617667083,1.99817018307904,0.952,0.00675988165576884,1.28847359889264,"population_ate"
"Model2","SRS",1500,"aipw_rf","aipw_rf","rf",TRUE,1000,1000,-0.0417787093186239,0.0417787093186239,1.32066916518772,1.3539868113462,1.32066965490469,0.959,0.00627048642451286,0.86306755472809,"population_ate"
"Model2","SRS",1500,"aipw_sl__grouped_nn","aipw_sl","grouped_nn",TRUE,1000,1000,-0.0193339882958912,0.0193339882958912,1.62807031792585,1.65839950979977,1.62737093198032,0.952,0.00675988165576884,1.05722122436046,"population_ate"
"Model2","SRS",1500,"aipw_sl__grouped_rf","aipw_sl","grouped_rf",TRUE,1000,1000,-0.0327314930653534,0.0327314930653534,1.29187367939766,1.31894598908719,1.29164237177139,0.958,0.00634318531969546,0.878454249718089,"population_ate"
"Model2","SRS",1500,"aipw_sl__rfnn","aipw_sl","rfnn",TRUE,1000,1000,-0.0406500734943328,0.0406500734943328,1.32207539098619,1.3527972558106,1.32203929010712,0.957,0.00641490451994416,0.865632325942584,"population_ate"
"Model2","SRS",1500,"aipw_stack__grouped_nn","aipw_stack","grouped_nn",TRUE,1000,1000,-0.0199446996203996,0.0199446996203996,1.62185031724748,1.65367070952931,1.62116188091971,0.952,0.00675988165576884,1.06390489260903,"population_ate"
"Model2","SRS",1500,"aipw_stack__grouped_rf","aipw_stack","grouped_rf",TRUE,1000,1000,-0.0315209223456655,0.0315209223456655,1.28437903079748,1.30925362390424,1.28412360534454,0.957,0.00641490451994416,0.855412463900691,"population_ate"
"Model2","SRS",1500,"aipw_stack__rfnn","aipw_stack","rfnn",TRUE,1000,1000,-0.0400538892302659,0.0400538892302659,1.31330419799564,1.34243570358048,1.31325833810373,0.956,0.00648567652600714,0.857756712197542,"population_ate"
"Model2","SRS",1500,"cal_quadratic__grouped_nn","cal_quadratic","grouped_nn",TRUE,1000,1000,-0.0837619444812641,0.0837619444812641,1.54858400608761,1.56405588092864,1.55007431267979,0.954,0.00662449998113065,1.03117134983047,"population_ate"
"Model2","SRS",1500,"cal_quadratic__grouped_rf","cal_quadratic","grouped_rf",TRUE,1000,1000,0.0178636556378999,0.0178636556378999,1.23342642803278,1.22207269362925,1.23293897773129,0.947,0.00708456067798138,0.800410037473185,"population_ate"
"Model2","SRS",1500,"cal_quadratic__nn","cal_quadratic","nn",TRUE,1000,1000,-0.0987653957442822,0.0987653957442822,1.67327188051752,1.71474428833402,1.67534878480304,0.957,0.00641490451994416,1.18908730539676,"population_ate"
"Model2","SRS",1500,"cal_quadratic__rf","cal_quadratic","rf",TRUE,1000,1000,-0.0568964613405062,0.0568964613405062,1.25505885069833,1.2696382571598,1.25572081025623,0.952,0.00675988165576884,0.842264897633939,"population_ate"
"Model2","SRS",1500,"cal_quadratic__rflin","cal_quadratic","rflin",TRUE,1000,1000,-0.0595428425714371,0.0595428425714371,1.236387766511,1.24141966691916,1.23720305712941,0.946,0.00714730718522718,0.822793220650922,"population_ate"
"Model2","SRS",1500,"cal_quadratic__rfnn","cal_quadratic","rfnn",TRUE,1000,1000,-0.0701456997617557,0.0701456997617557,1.25019249085566,1.26259001790271,1.25153453892522,0.948,0.00702111102319284,0.821429034656475,"population_ate"
"Model2","SRS",1500,"cal_quartic__grouped_nn","cal_quartic","grouped_nn",TRUE,1000,1000,-0.0550824562030535,0.0550824562030535,1.55268201161866,1.56405588092864,1.55288270154456,0.951,0.00682634602111555,1.03133672123471,"population_ate"
"Model2","SRS",1500,"cal_quartic__grouped_rf","cal_quartic","grouped_rf",TRUE,1000,1000,0.00341649710696812,0.00341649710696812,1.23874694818275,1.22207269362925,1.23813213353136,0.941,0.00745110730026082,0.805019118600881,"population_ate"
"Model2","SRS",1500,"cal_quartic__nn","cal_quartic","nn",TRUE,1000,1000,-0.0699157315043591,0.0699157315043591,1.67335506135997,1.71474428833402,1.67397886896145,0.958,0.00634318531969546,1.19535124079401,"population_ate"
"Model2","SRS",1500,"cal_quartic__rf","cal_quartic","rf",TRUE,1000,1000,-0.044679731583859,0.044679731583859,1.25526016786517,1.2696382571598,1.25542769180637,0.953,0.00669260786241059,0.848102975468479,"population_ate"
"Model2","SRS",1500,"cal_quartic__rflin","cal_quartic","rflin",TRUE,1000,1000,-0.045607118129575,0.045607118129575,1.24074736714986,1.24141966691916,1.24096518254313,0.945,0.00720936890441875,0.828655668306396,"population_ate"
"Model2","SRS",1500,"cal_quartic__rfnn","cal_quartic","rfnn",TRUE,1000,1000,-0.0510514506883798,0.0510514506883798,1.25208526403228,1.26259001790271,1.25249991677276,0.945,0.00720936890441875,0.818466792207275,"population_ate"
"Model2","SRS",1500,"lin","lin","lin",FALSE,1000,1000,0.287044660257935,0.287044660257935,1.56154830893298,1.51570421185088,1.58694339060753,0.936,0.0077397674383666,1.03099437713266,"population_ate"
"Model2","SRS",1500,"sdim","sdim","sdim",FALSE,1000,1000,-0.0372588480719271,0.0372588480719271,1.81882676829487,1.88748757095695,1.81829890392436,0.963,0.00596917079668525,1.29407558901005,"population_ate"
"Model2","SBR",1500,"aipw_nn","aipw_nn","nn",TRUE,1000,1000,-0.0125606889276352,0.0125606889276352,2.12570058690983,2.01433827625841,2.12467459934691,0.936,0.0077397674383666,1.46719221872035,"population_ate"
"Model2","SBR",1500,"aipw_rf","aipw_rf","rf",TRUE,1000,1000,-0.0590040631136897,0.0590040631136897,1.33652482581086,1.35231011516665,1.33715885027272,0.951,0.00682634602111555,0.919514677569765,"population_ate"
"Model2","SBR",1500,"aipw_sl__grouped_nn","aipw_sl","grouped_nn",TRUE,1000,1000,-0.0172034870301485,0.0172034870301485,1.69440443894776,1.65701012249874,1.69364440077873,0.941,0.00745110730026082,1.14175016450585,"population_ate"
"Model2","SBR",1500,"aipw_sl__grouped_rf","aipw_sl","grouped_rf",TRUE,1000,1000,-0.0501305988952457,0.0501305988952457,1.30439092130367,1.31756257472719,1.30470200308325,0.948,0.00702111102319284,0.873331213939849,"population_ate"
"Model2","SBR",1500,"aipw_sl__rfnn","aipw_sl","rfnn",TRUE,1000,1000,-0.0578173358204651,0.0578173358204651,1.33919619668987,1.35112828438473,1.3397745523396,0.952,0.00675988165576884,0.915493244178307,"population_ate"
"Model2","SBR",1500,"aipw_stack__grouped_nn","aipw_stack","grouped_nn",TRUE,1000,1000,-0.017325991417873,0.017325991417873,1.68914903610663,1.65210695802372,1.68839315080712,0.939,0.00756828910652864,1.14767469798052,"population_ate"
"Model2","SBR",1500,"aipw_stack__grouped_rf","aipw_stack","grouped_rf",TRUE,1000,1000,-0.0503940537413705,0.0503940537413705,1.29387283302279,1.30771247937843,1.29420723293408,0.949,0.00695693898205238,0.864673423185607,"population_ate"
"Model2","SBR",1500,"aipw_stack__rfnn","aipw_stack","rfnn",TRUE,1000,1000,-0.0599682729884948,0.0599682729884948,1.32934217685905,1.34076948302407,1.33002994940655,0.954,0.00662449998113065,0.896964771710558,"population_ate"
"Model2","SBR",1500,"cal_quadratic__grouped_nn","cal_quadratic","grouped_nn",TRUE,1000,1000,-0.0767648795155774,0.0767648795155774,1.63197973790236,1.56265330954585,1.63296887716391,0.94,0.00750999334220744,1.07395395441193,"population_ate"
"Model2","SBR",1500,"cal_quadratic__grouped_rf","cal_quadratic","grouped_rf",TRUE,1000,1000,-0.0159955151437734,0.0159955151437734,1.2205888020379,1.22116443337586,1.22008321156443,0.95,0.00689202437604511,0.772321145563311,"population_ate"
"Model2","SBR",1500,"cal_quadratic__nn","cal_quadratic","nn",TRUE,1000,1000,-0.0564525649157973,0.0564525649157973,1.72194208627971,1.70991435172142,1.72200649128811,0.941,0.00745110730026082,1.17227807525704,"population_ate"
"Model2","SBR",1500,"cal_quadratic__rf","cal_quadratic","rf",TRUE,1000,1000,-0.0913327301971987,0.0913327301971987,1.2443806984735,1.26841213376284,1.24710725561835,0.943,0.00733150734842434,0.83969050403222,"population_ate"
"Model2","SBR",1500,"cal_quadratic__rflin","cal_quadratic","rflin",TRUE,1000,1000,-0.0893509097618371,0.0893509097618371,1.23773246744754,1.24071629149011,1.24033594819632,0.945,0.00720936890441875,0.807177695226571,"population_ate"
"Model2","SBR",1500,"cal_quadratic__rfnn","cal_quadratic","rfnn",TRUE,1000,1000,-0.100007140262439,0.100007140262439,1.24393735199221,1.26139130244462,1.24733082365874,0.948,0.00702111102319284,0.814771076293383,"population_ate"
"Model2","SBR",1500,"cal_quartic__grouped_nn","cal_quartic","grouped_nn",TRUE,1000,1000,-0.0447266045996216,0.0447266045996216,1.63395136800236,1.56265330954585,1.63374653636443,0.941,0.00745110730026082,1.08236453670719,"population_ate"
"Model2","SBR",1500,"cal_quartic__grouped_rf","cal_quartic","grouped_rf",TRUE,1000,1000,-0.0361139170605471,0.0361139170605471,1.21394661495894,1.22116443337586,1.21387681936503,0.947,0.00708456067798138,0.754280577688334,"population_ate"
"Model2","SBR",1500,"cal_quartic__nn","cal_quartic","nn",TRUE,1000,1000,-0.0286442941910076,0.0286442941910076,1.72087958963203,1.70991435172142,1.72025743161883,0.941,0.00745110730026082,1.16548395027703,"population_ate"
"Model2","SBR",1500,"cal_quartic__rf","cal_quartic","rf",TRUE,1000,1000,-0.0806829391653365,0.0806829391653365,1.24181039449262,1.26841213376284,1.24380894814534,0.948,0.00702111102319284,0.837656697571191,"population_ate"
"Model2","SBR",1500,"cal_quartic__rflin","cal_quartic","rflin",TRUE,1000,1000,-0.0753421113869331,0.0753421113869331,1.23489838243919,1.24071629149011,1.23657813124938,0.946,0.00714730718522718,0.796885234146756,"population_ate"
"Model2","SBR",1500,"cal_quartic__rfnn","cal_quartic","rfnn",TRUE,1000,1000,-0.0852864068850157,0.0852864068850157,1.24163470892708,1.26139130244462,1.24394086067682,0.948,0.00702111102319284,0.811852473084045,"population_ate"
"Model2","SBR",1500,"lin","lin","lin",FALSE,1000,1000,0.30230562477253,0.30230562477253,1.6174886992395,1.51536634072374,1.64470122309325,0.929,0.00812151463706124,1.06181339494808,"population_ate"
"Model2","SBR",1500,"sdim","sdim","sdim",FALSE,1000,1000,-0.0232511518837217,0.0232511518837217,1.86872510572076,1.88590124930256,1.86793522459807,0.947,0.00708456067798138,1.25500282489304,"population_ate"
"Model2","PS",1500,"aipw_nn","aipw_nn","nn",TRUE,1000,1000,-0.0235085815523,0.0235085815523,2.00452371476656,2.00560745695912,2.00365911800014,0.951,0.00682634602111555,1.35086041081617,"population_ate"
"Model2","PS",1500,"aipw_rf","aipw_rf","rf",TRUE,1000,1000,-0.0150447357324503,0.0150447357324503,1.34226409275208,1.35242725298764,1.34167714666016,0.95,0.00689202437604511,0.881491227932315,"population_ate"
"Model2","PS",1500,"aipw_sl__grouped_nn","aipw_sl","grouped_nn",TRUE,1000,1000,-0.0475335102805303,0.0475335102805303,1.60209179815114,1.65388164710721,1.60199590079782,0.957,0.00641490451994416,1.03178273289654,"population_ate"
"Model2","PS",1500,"aipw_sl__grouped_rf","aipw_sl","grouped_rf",TRUE,1000,1000,-0.0168102537110166,0.0168102537110166,1.30120208399317,1.31750410937426,1.30065995600488,0.953,0.00669260786241059,0.849161987592624,"population_ate"
"Model2","PS",1500,"aipw_sl__rfnn","aipw_sl","rfnn",TRUE,1000,1000,-0.0131554120714803,0.0131554120714803,1.34041855532864,1.35118167186649,1.33981276543875,0.951,0.00682634602111555,0.873173034220713,"population_ate"
"Model2","PS",1500,"aipw_stack__grouped_nn","aipw_stack","grouped_nn",TRUE,1000,1000,-0.0472662807475387,0.0472662807475387,1.59322779717211,1.64904499055366,1.59313230466397,0.957,0.00641490451994416,1.03224612303654,"population_ate"
"Model2","PS",1500,"aipw_stack__grouped_rf","aipw_stack","grouped_rf",TRUE,1000,1000,-0.0153694975066792,0.0153694975066792,1.29432419516083,1.30774245140356,1.29376816644643,0.945,0.00720936890441875,0.831104785749943,"population_ate"
"Model2","PS",1500,"aipw_stack__rfnn","aipw_stack","rfnn",TRUE,1000,1000,-0.0126682327312045,0.0126682327312045,1.33225911369996,1.34078862852704,1.33165307637204,0.948,0.00702111102319284,0.866771287544609,"population_ate"
"Model2","PS",1500,"cal_quadratic__grouped_nn","cal_quadratic","grouped_nn",TRUE,1000,1000,-0.0695310314201102,0.0695310314201102,1.5174094854577,1.56242728946041,1.51824358366528,0.957,0.00641490451994416,1.02852493881341,"population_ate"
"Model2","PS",1500,"cal_quadratic__grouped_rf","cal_quadratic","grouped_rf",TRUE,1000,1000,0.00635824737524924,0.00635824737524924,1.22872745567177,1.22164920903861,1.22812939728311,0.946,0.00714730718522718,0.820049002288428,"population_ate"
"Model2","PS",1500,"cal_quadratic__nn","cal_quadratic","nn",TRUE,1000,1000,-0.0301928344284269,0.0301928344284269,1.66220736269367,1.70903623319263,1.66165038155663,0.957,0.00641490451994416,1.10126179352308,"population_ate"
"Model2","PS",1500,"cal_quadratic__rf","cal_quadratic","rf",TRUE,1000,1000,-0.0241526669674293,0.0241526669674293,1.25344365762648,1.26831693016782,1.2530495733062,0.954,0.00662449998113065,0.818183891330179,"population_ate"
"Model2","PS",1500,"cal_quadratic__rflin","cal_quadratic","rflin",TRUE,1000,1000,-0.0469538588099411,0.0469538588099411,1.23469773708919,1.24073815887926,1.23497315287756,0.946,0.00714730718522718,0.817653327983692,"population_ate"
"Model2","PS",1500,"cal_quadratic__rfnn","cal_quadratic","rfnn",TRUE,1000,1000,-0.0270436409867078,0.0270436409867078,1.25084485770881,1.26146353556577,1.25051173673674,0.948,0.00702111102319284,0.829550844155776,"population_ate"
"Model2","PS",1500,"cal_quartic__grouped_nn","cal_quartic","grouped_nn",TRUE,1000,1000,-0.0360438259348892,0.0360438259348892,1.51810661153464,1.56242728946041,1.51777540950208,0.961,0.00612200947402077,1.02714357090798,"population_ate"
"Model2","PS",1500,"cal_quartic__grouped_rf","cal_quartic","grouped_rf",TRUE,1000,1000,-0.00934628616162979,0.00934628616162979,1.2271420018118,1.22164920903861,1.22656388671079,0.943,0.00733150734842434,0.80973686477762,"population_ate"
"Model2","PS",1500,"cal_quartic__nn","cal_quartic","nn",TRUE,1000,1000,0.000803339608115843,0.000803339608115843,1.66182609806446,1.70903623319263,1.66099517145068,0.956,0.00648567652600714,1.08728907236123,"population_ate"
"Model2","PS",1500,"cal_quartic__rf","cal_quartic","rf",TRUE,1000,1000,-0.00815019133549739,0.00815019133549739,1.25094441430464,1.26831693016782,1.25034534884211,0.954,0.00662449998113065,0.830052474380593,"population_ate"
"Model2","PS",1500,"cal_quartic__rflin","cal_quartic","rflin",TRUE,1000,1000,-0.0285778143320683,0.0285778143320683,1.23302990139801,1.24073815887926,1.23274452603767,0.947,0.00708456067798138,0.826031962101638,"population_ate"
"Model2","PS",1500,"cal_quartic__rfnn","cal_quartic","rfnn",TRUE,1000,1000,-0.00371175053155654,0.00371175053155654,1.24933992253757,1.26146353556577,1.24872061282585,0.947,0.00708456067798138,0.843861268494549,"population_ate"
"Model2","PS",1500,"lin","lin","lin",FALSE,1000,1000,0.286741042730657,0.286741042730657,1.55759504240406,1.51517713719664,1.58300241294568,0.939,0.00756828910652864,1.104320958532,"population_ate"
"Model2","PS",1500,"sdim","sdim","sdim",FALSE,1000,1000,-0.0257611462753369,0.0257611462753369,1.85066042967622,1.88643032540115,1.84991424628301,0.952,0.00675988165576884,1.26119295293945,"population_ate"
"Model3","SRS",500,"aipw_nn","aipw_nn","nn",TRUE,1000,1000,-0.0769434818585852,0.0769434818585852,3.64909344500356,3.58785572601265,3.64807995893704,0.944,0.00727076337120113,2.45372774859108,"population_ate"
"Model3","SRS",500,"aipw_rf","aipw_rf","rf",TRUE,1000,1000,-0.0176380134347126,0.0176380134347126,2.63394320256647,2.6455775209783,2.63268498629626,0.953,0.00669260786241059,1.67020046489638,"population_ate"
"Model3","SRS",500,"aipw_sl__grouped_nn","aipw_sl","grouped_nn",TRUE,1000,1000,0.0114825582956434,0.0114825582956434,3.0447887583881,2.95036296611617,3.04328764558468,0.941,0.00745110730026082,1.87469055130037,"population_ate"
"Model3","SRS",500,"aipw_sl__grouped_rf","aipw_sl","grouped_rf",TRUE,1000,1000,-0.0210328720743354,0.0210328720743354,2.58112949385835,2.57786240088263,2.57992434313666,0.949,0.00695693898205238,1.62815477286018,"population_ate"
"Model3","SRS",500,"aipw_sl__rfnn","aipw_sl","rfnn",TRUE,1000,1000,-0.0131194776639882,0.0131194776639882,2.5741383454803,2.58042131229186,2.5728844035721,0.953,0.00669260786241059,1.64153475253898,"population_ate"
"Model3","SRS",500,"aipw_stack__grouped_nn","aipw_stack","grouped_nn",TRUE,1000,1000,0.012424713761436,0.012424713761436,2.79907883081447,2.78884130823592,2.79770653077206,0.944,0.00727076337120113,1.77770991019197,"population_ate"
"Model3","SRS",500,"aipw_stack__grouped_rf","aipw_stack","grouped_rf",TRUE,1000,1000,-0.0514187028284436,0.0514187028284436,2.34270185281902,2.30598558713013,2.34209470394154,0.937,0.00768316341099159,1.48582433859691,"population_ate"
"Model3","SRS",500,"aipw_stack__rfnn","aipw_stack","rfnn",TRUE,1000,1000,-0.0229470847813086,0.0229470847813086,2.43547873296125,2.42035473327044,2.43436884443336,0.947,0.00708456067798138,1.59222258645256,"population_ate"
"Model3","SRS",500,"cal_quadratic__grouped_nn","cal_quadratic","grouped_nn",TRUE,1000,1000,-0.0284437173526407,0.0284437173526407,2.62966966738482,2.63031154451601,2.62850840631356,0.944,0.00727076337120113,1.70159679581986,"population_ate"
"Model3","SRS",500,"cal_quadratic__grouped_rf","cal_quadratic","grouped_rf",TRUE,1000,1000,-0.107865138736385,0.107865138736385,2.26570564178274,2.26030229526743,2.26713994303518,0.944,0.00727076337120113,1.41759552087282,"population_ate"
"Model3","SRS",500,"cal_quadratic__nn","cal_quadratic","nn",TRUE,1000,1000,-0.0492784920689099,0.0492784920689099,2.91998782623945,2.93426780937379,2.91894346403999,0.945,0.00720936890441875,1.9179802532208,"population_ate"
"Model3","SRS",500,"cal_quadratic__rf","cal_quadratic","rf",TRUE,1000,1000,-0.104687231479909,0.104687231479909,2.34016595367799,2.37027734661916,2.34133716719694,0.951,0.00682634602111555,1.54666530550782,"population_ate"
"Model3","SRS",500,"cal_quadratic__rflin","cal_quadratic","rflin",TRUE,1000,1000,-0.164765144624152,0.164765144624152,2.21217575811907,2.20850718774199,2.21719990440824,0.949,0.00695693898205238,1.45719456596205,"population_ate"
"Model3","SRS",500,"cal_quadratic__rfnn","cal_quadratic","rfnn",TRUE,1000,1000,-0.10001157143555,0.10001157143555,2.33666372216979,2.33902420739194,2.33763548646381,0.943,0.00733150734842434,1.54391507320936,"population_ate"
"Model3","SRS",500,"cal_quartic__grouped_nn","cal_quartic","grouped_nn",TRUE,1000,1000,0.00665668989137427,0.00665668989137427,2.64067194460137,2.63031154451601,2.63935967276271,0.939,0.00756828910652864,1.73346894639993,"population_ate"
"Model3","SRS",500,"cal_quartic__grouped_rf","cal_quartic","grouped_rf",TRUE,1000,1000,-0.0704637999000963,0.0704637999000963,2.27455617169089,2.26030229526743,2.2745103471946,0.944,0.00727076337120113,1.44234189511943,"population_ate"
"Model3","SRS",500,"cal_quartic__nn","cal_quartic","nn",TRUE,1000,1000,-0.00897911964992434,0.00897911964992434,2.92559717631852,2.93426780937379,2.92414779787796,0.948,0.00702111102319284,1.90745722292323,"population_ate"
"Model3","SRS",500,"cal_quartic__rf","cal_quartic","rf",TRUE,1000,1000,-0.0529920264122955,0.0529920264122955,2.35096394965855,2.37027734661916,2.35038563133049,0.953,0.00669260786241059,1.53885657067613,"population_ate"
"Model3","SRS",500,"cal_quartic__rflin","cal_quartic","rflin",TRUE,1000,1000,-0.110500720723183,0.110500720723183,2.2184060623304,2.20850718774199,2.22004831956586,0.951,0.00682634602111555,1.45482945338841,"population_ate"
"Model3","SRS",500,"cal_quartic__rfnn","cal_quartic","rfnn",TRUE,1000,1000,-0.0631435303660093,0.0631435303660093,2.34252781185439,2.33902420739194,2.34220755232945,0.943,0.00733150734842434,1.52145550872809,"population_ate"
"Model3","SRS",500,"lin","lin","lin",FALSE,1000,1000,-0.135162527181125,0.135162527181125,2.14106959034345,1.92252293747335,2.14426297838132,0.916,0.00877177291087725,1.44301666750405,"population_ate"
"Model3","SRS",500,"sdim","sdim","sdim",FALSE,1000,1000,0.0117855624780914,0.0117855624780914,3.81526988960415,3.89818564238929,3.81337998967746,0.947,0.00708456067798138,2.48780435790952,"population_ate"
"Model3","SBR",500,"aipw_nn","aipw_nn","nn",TRUE,1000,1000,-0.0394341898486176,0.0394341898486176,3.67768855632736,3.58285835553062,3.67606076929543,0.944,0.00727076337120113,2.5053738640618,"population_ate"
"Model3","SBR",500,"aipw_rf","aipw_rf","rf",TRUE,1000,1000,-0.0900374992922774,0.0900374992922774,2.70465832054565,2.64454163334362,2.70480465201181,0.947,0.00708456067798138,1.87803433639904,"population_ate"
"Model3","SBR",500,"aipw_sl__grouped_nn","aipw_sl","grouped_nn",TRUE,1000,1000,-0.026022416394777,0.026022416394777,3.05839806894025,2.94766741649817,3.05697924682265,0.94,0.00750999334220744,2.03304322166499,"population_ate"
"Model3","SBR",500,"aipw_sl__grouped_rf","aipw_sl","grouped_rf",TRUE,1000,1000,-0.106085406846696,0.106085406846696,2.63532567700009,2.57848050782562,2.63614312888696,0.943,0.00733150734842434,1.79634044604275,"population_ate"
"Model3","SBR",500,"aipw_sl__rfnn","aipw_sl","rfnn",TRUE,1000,1000,-0.0789487715161757,0.0789487715161757,2.6327219407718,2.57912712926146,2.63258931493838,0.947,0.00708456067798138,1.81980823223412,"population_ate"
"Model3","SBR",500,"aipw_stack__grouped_nn","aipw_stack","grouped_nn",TRUE,1000,1000,-0.0448047843459774,0.0448047843459774,2.85916213618249,2.79090193003459,2.85808341053212,0.941,0.00745110730026082,1.99213786719916,"population_ate"
"Model3","SBR",500,"aipw_stack__grouped_rf","aipw_stack","grouped_rf",TRUE,1000,1000,-0.0637806579720335,0.0637806579720335,2.35832527527734,2.30680439631906,2.35800856195207,0.948,0.00702111102319284,1.61862608334969,"population_ate"
"Model3","SBR",500,"aipw_stack__rfnn","aipw_stack","rfnn",TRUE,1000,1000,-0.0456286824387484,0.0456286824387484,2.46500333984411,2.41825370327967,2.46419301205045,0.945,0.00720936890441875,1.63808857060946,"population_ate"
"Model3","SBR",500,"cal_quadratic__grouped_nn","cal_quadratic","grouped_nn",TRUE,1000,1000,-0.0621776920327606,0.0621776920327606,2.67684695063853,2.63408825523989,2.67623058665208,0.949,0.00695693898205238,1.78174041636401,"population_ate"
"Model3","SBR",500,"cal_quadratic__grouped_rf","cal_quadratic","grouped_rf",TRUE,1000,1000,-0.124956007746865,0.124956007746865,2.24375312309807,2.26112105678501,2.24610944818078,0.953,0.00669260786241059,1.50595939464878,"population_ate"
"Model3","SBR",500,"cal_quadratic__nn","cal_quadratic","nn",TRUE,1000,1000,-0.0821123421283567,0.0821123421283567,2.96634701737565,2.93474838160521,2.96600031179967,0.948,0.00702111102319284,2.0389568837402,"population_ate"
"Model3","SBR",500,"cal_quadratic__rf","cal_quadratic","rf",TRUE,1000,1000,-0.12000492929698,0.12000492929698,2.33532012863135,2.36906951246661,2.33723502586778,0.952,0.00675988165576884,1.52429910229989,"population_ate"
"Model3","SBR",500,"cal_quadratic__rflin","cal_quadratic","rflin",TRUE,1000,1000,-0.144306517255241,0.144306517255241,2.13208536294261,2.20555481899193,2.13589947745712,0.96,0.00619677335393187,1.42104995520697,"population_ate"
"Model3","SBR",500,"cal_quadratic__rfnn","cal_quadratic","rfnn",TRUE,1000,1000,-0.100117462385184,0.100117462385184,2.32051244684512,2.33781464551599,2.32151173682616,0.954,0.00662449998113065,1.55053722881762,"population_ate"
"Model3","SBR",500,"cal_quartic__grouped_nn","cal_quartic","grouped_nn",TRUE,1000,1000,-0.0175564126213995,0.0175564126213995,2.67653204658813,2.63408825523989,2.67525105368467,0.95,0.00689202437604511,1.77742000578161,"population_ate"
"Model3","SBR",500,"cal_quartic__grouped_rf","cal_quartic","grouped_rf",TRUE,1000,1000,-0.0752971999804775,0.0752971999804775,2.24778816981142,2.26112105678501,2.24792543760079,0.953,0.00669260786241059,1.52382228906044,"population_ate"
"Model3","SBR",500,"cal_quartic__nn","cal_quartic","nn",TRUE,1000,1000,-0.0356281106290711,0.0356281106290711,2.96753023702163,2.93474838160521,2.96626007527948,0.949,0.00695693898205238,2.00971133324795,"population_ate"
"Model3","SBR",500,"cal_quartic__rf","cal_quartic","rf",TRUE,1000,1000,-0.0569160599003702,0.0569160599003702,2.34382787804035,2.36906951246661,2.34334697188271,0.954,0.00662449998113065,1.50215934976831,"population_ate"
"Model3","SBR",500,"cal_quartic__rflin","cal_quartic","rflin",TRUE,1000,1000,-0.0756829778960484,0.0756829778960484,2.13813053618245,2.20555481899193,2.13840092141518,0.957,0.00641490451994416,1.40433860506179,"population_ate"
"Model3","SBR",500,"cal_quartic__rfnn","cal_quartic","rfnn",TRUE,1000,1000,-0.04866564629775,0.04866564629775,2.32722263080694,2.33781464551599,2.32656776245529,0.955,0.00655553201502365,1.5310681894335,"population_ate"
"Model3","SBR",500,"lin","lin","lin",FALSE,1000,1000,-0.119613189240011,0.119613189240011,2.1192487741094,1.924585272567,2.1215634485534,0.93,0.00806845710157772,1.4466842905217,"population_ate"
"Model3","SBR",500,"sdim","sdim","sdim",FALSE,1000,1000,-0.157190699987461,0.157190699987461,4.00926204895622,3.90045299876487,4.01033875267239,0.942,0.00739161687318817,2.68044661104154,"population_ate"
"Model3","PS",500,"aipw_nn","aipw_nn","nn",TRUE,1000,1000,-0.0316168347626686,0.0316168347626686,3.65278005496339,3.57086578688027,3.65109010461928,0.947,0.00708456067798138,2.44708864666125,"population_ate"
"Model3","PS",500,"aipw_rf","aipw_rf","rf",TRUE,1000,1000,0.0998927415693564,0.0998927415693564,2.67449960579745,2.63968719766929,2.67502780417093,0.949,0.00695693898205238,1.74385675359421,"population_ate"
"Model3","PS",500,"aipw_sl__grouped_nn","aipw_sl","grouped_nn",TRUE,1000,1000,-0.0431191696482454,0.0431191696482454,3.00541031011796,2.93655765187411,3.00421668722852,0.95,0.00689202437604511,2.05745642510908,"population_ate"
"Model3","PS",500,"aipw_sl__grouped_rf","aipw_sl","grouped_rf",TRUE,1000,1000,0.0767614968752166,0.0767614968752166,2.6223878254756,2.57388381112833,2.62220009089657,0.947,0.00708456067798138,1.72305737855452,"population_ate"
"Model3","PS",500,"aipw_sl__rfnn","aipw_sl","rfnn",TRUE,1000,1000,0.0725262258434432,0.0725262258434432,2.6091512827773,2.57319176666336,2.60885469113116,0.95,0.00689202437604511,1.7545180467042,"population_ate"
"Model3","PS",500,"aipw_stack__grouped_nn","aipw_stack","grouped_nn",TRUE,1000,1000,0.0252007073186154,0.0252007073186154,2.82861976717054,2.78063392420592,2.82731741640199,0.946,0.00714730718522718,1.91499221999711,"population_ate"
"Model3","PS",500,"aipw_stack__grouped_rf","aipw_stack","grouped_rf",TRUE,1000,1000,0.0484975717623794,0.0484975717623794,2.36897999006105,2.30294318991714,2.36829181934642,0.939,0.00756828910652864,1.6195831697677,"population_ate"
"Model3","PS",500,"aipw_stack__rfnn","aipw_stack","rfnn",TRUE,1000,1000,0.0757102171822192,0.0757102171822192,2.44760918773861,2.41285594353713,2.44755632869856,0.948,0.00702111102319284,1.65594727325334,"population_ate"
"Model3","PS",500,"cal_quadratic__grouped_nn","cal_quadratic","grouped_nn",TRUE,1000,1000,-0.040594668750816,0.040594668750816,2.65262405796137,2.62497066286176,2.65160817347012,0.944,0.00727076337120113,1.81511777658639,"population_ate"
"Model3","PS",500,"cal_quadratic__grouped_rf","cal_quadratic","grouped_rf",TRUE,1000,1000,-0.0757124055340931,0.0757124055340931,2.29151127670624,2.25685119303403,2.29161630202187,0.94,0.00750999334220744,1.47513388818575,"population_ate"
"Model3","PS",500,"cal_quadratic__nn","cal_quadratic","nn",TRUE,1000,1000,-0.00612858007758735,0.00612858007758735,2.92766357094196,2.92524864457383,2.92620579080313,0.958,0.00634318531969546,1.95330377689882,"population_ate"
"Model3","PS",500,"cal_quadratic__rf","cal_quadratic","rf",TRUE,1000,1000,-0.0159090266800016,0.0159090266800016,2.35643634835423,2.36613230664104,2.35531156510367,0.946,0.00714730718522718,1.59819582076924,"population_ate"
"Model3","PS",500,"cal_quadratic__rflin","cal_quadratic","rflin",TRUE,1000,1000,-0.0480497313732907,0.0480497313732907,2.2350674203618,2.2040732783002,2.23446629508575,0.943,0.00733150734842434,1.52613216474277,"population_ate"
"Model3","PS",500,"cal_quadratic__rfnn","cal_quadratic","rfnn",TRUE,1000,1000,-0.016657507865985,0.016657507865985,2.35787559168093,2.3335867445186,2.35675522723662,0.943,0.00733150734842434,1.61803118457156,"population_ate"
"Model3","PS",500,"cal_quartic__grouped_nn","cal_quartic","grouped_nn",TRUE,1000,1000,-0.00610495957702816,0.00610495957702816,2.64838463683158,2.62497066286176,2.64706715327594,0.945,0.00720936890441875,1.7902423586703,"population_ate"
"Model3","PS",500,"cal_quartic__grouped_rf","cal_quartic","grouped_rf",TRUE,1000,1000,-0.035650157319859,0.035650157319859,2.29555965391919,2.25685119303403,2.29468853317696,0.939,0.00756828910652864,1.49714812128691,"population_ate"
"Model3","PS",500,"cal_quartic__nn","cal_quartic","nn",TRUE,1000,1000,0.0341163375927942,0.0341163375927942,2.93300072740928,2.92524864457383,2.93173237151809,0.959,0.00627048642451286,1.94530935064808,"population_ate"
"Model3","PS",500,"cal_quartic__rf","cal_quartic","rf",TRUE,1000,1000,0.0410171200534229,0.0410171200534229,2.36356812085582,2.36613230664104,2.36274209591344,0.943,0.00733150734842434,1.62041198523153,"population_ate"
"Model3","PS",500,"cal_quartic__rflin","cal_quartic","rflin",TRUE,1000,1000,0.00759188285066755,0.00759188285066755,2.23908454815539,2.2040732783002,2.23797760285032,0.943,0.00733150734842434,1.50771353622324,"population_ate"
"Model3","PS",500,"cal_quartic__rfnn","cal_quartic","rfnn",TRUE,1000,1000,0.0235814012503619,0.0235814012503619,2.35907362658585,2.3335867445186,2.35801171111643,0.941,0.00745110730026082,1.68453300547651,"population_ate"
"Model3","PS",500,"lin","lin","lin",FALSE,1000,1000,-0.0522606438486637,0.0522606438486637,2.1872756894258,1.92197555411506,2.18680633379068,0.917,0.00872416185085994,1.46211879966849,"population_ate"
"Model3","PS",500,"sdim","sdim","sdim",FALSE,1000,1000,0.131469199870343,0.131469199870343,3.90925567982835,3.89546471814726,3.90951171386076,0.948,0.00702111102319284,2.64935493363638,"population_ate"
"Model3","SRS",1500,"aipw_nn","aipw_nn","nn",TRUE,1000,1000,0.0255327130797526,0.0255327130797526,1.37048939698797,1.3516218644472,1.37004192107629,0.954,0.00662449998113065,0.944767378671078,"population_ate"
"Model3","SRS",1500,"aipw_rf","aipw_rf","rf",TRUE,1000,1000,0.0135254899029942,0.0135254899029942,1.32614835728536,1.30117892627752,1.32555412373175,0.947,0.00708456067798138,0.92637837310301,"population_ate"
"Model3","SRS",1500,"aipw_sl__grouped_nn","aipw_sl","grouped_nn",TRUE,1000,1000,0.0348736398479905,0.0348736398479905,1.24046782596613,1.22880737266666,1.24033779172697,0.952,0.00675988165576884,0.865742826607391,"population_ate"
"Model3","SRS",1500,"aipw_sl__grouped_rf","aipw_sl","grouped_rf",TRUE,1000,1000,0.00765602281525766,0.00765602281525766,1.28343620543263,1.27347379900626,1.28281717310272,0.955,0.00655553201502365,0.921451078606328,"population_ate"
"Model3","SRS",1500,"aipw_sl__rfnn","aipw_sl","rfnn",TRUE,1000,1000,0.0144498184564252,0.0144498184564252,1.21532618874183,1.20425850709712,1.21480431533236,0.948,0.00702111102319284,0.866093299110134,"population_ate"
"Model3","SRS",1500,"aipw_stack__grouped_nn","aipw_stack","grouped_nn",TRUE,1000,1000,0.0345037685951729,0.0345037685951729,1.23715561613525,1.22602404419143,1.23701817875233,0.953,0.00669260786241059,0.83523818184354,"population_ate"
"Model3","SRS",1500,"aipw_stack__grouped_rf","aipw_stack","grouped_rf",TRUE,1000,1000,0.00545393705164812,0.00545393705164812,1.17368047015596,1.172919088362,1.17310616126967,0.961,0.00612200947402077,0.835087916308513,"population_ate"
"Model3","SRS",1500,"aipw_stack__rfnn","aipw_stack","rfnn",TRUE,1000,1000,0.00946767348391616,0.00946767348391616,1.170773714552,1.16748456215208,1.17022648083027,0.951,0.00682634602111555,0.826367097754439,"population_ate"
"Model3","SRS",1500,"cal_quadratic__grouped_nn","cal_quadratic","grouped_nn",TRUE,1000,1000,-0.0237084548147509,0.0237084548147509,1.1756279393516,1.19213728005758,1.1752791334666,0.958,0.00634318531969546,0.821608783693857,"population_ate"
"Model3","SRS",1500,"cal_quadratic__grouped_rf","cal_quadratic","grouped_rf",TRUE,1000,1000,-0.0201265182399488,0.0201265182399488,1.14936291432125,1.17164429838391,1.14896438171281,0.952,0.00675988165576884,0.79752080507842,"population_ate"
"Model3","SRS",1500,"cal_quadratic__nn","cal_quadratic","nn",TRUE,1000,1000,0.003060237053247,0.003060237053247,1.24416355157224,1.25804362876749,1.24354507966885,0.957,0.00641490451994416,0.860615225947541,"population_ate"
"Model3","SRS",1500,"cal_quadratic__rf","cal_quadratic","rf",TRUE,1000,1000,-0.0200578353691542,0.0200578353691542,1.19719229566461,1.20562185091085,1.19676164718193,0.954,0.00662449998113065,0.858612273972988,"population_ate"
"Model3","SRS",1500,"cal_quadratic__rflin","cal_quadratic","rflin",TRUE,1000,1000,-0.0100743384507677,0.0100743384507677,1.14569311073193,1.16757151371335,1.14516443516635,0.956,0.00648567652600714,0.79964057515425,"population_ate"
"Model3","SRS",1500,"cal_quadratic__rfnn","cal_quadratic","rfnn",TRUE,1000,1000,-0.0144839965478438,0.0144839965478438,1.13884704345108,1.15967583021074,1.1383696244827,0.955,0.00655553201502365,0.787349389075757,"population_ate"
"Model3","SRS",1500,"cal_quartic__grouped_nn","cal_quartic","grouped_nn",TRUE,1000,1000,0.0338629196019159,0.0338629196019159,1.18395933166227,1.19213728005758,1.18385161091038,0.96,0.00619677335393187,0.832268430413418,"population_ate"
"Model3","SRS",1500,"cal_quartic__grouped_rf","cal_quartic","grouped_rf",TRUE,1000,1000,0.00673445411239852,0.00673445411239852,1.15405835667301,1.17164429838391,1.15350084212731,0.954,0.00662449998113065,0.801327478714772,"population_ate"
"Model3","SRS",1500,"cal_quartic__nn","cal_quartic","nn",TRUE,1000,1000,0.0457309958576813,0.0457309958576813,1.2491607022948,1.25804362876749,1.2493731955183,0.957,0.00641490451994416,0.848731657143716,"population_ate"
"Model3","SRS",1500,"cal_quartic__rf","cal_quartic","rf",TRUE,1000,1000,0.0111368991901378,0.0111368991901378,1.20184178060599,1.20562185091085,1.20129233430841,0.954,0.00662449998113065,0.880614015898175,"population_ate"
"Model3","SRS",1500,"cal_quartic__rflin","cal_quartic","rflin",TRUE,1000,1000,0.0259878672045765,0.0259878672045765,1.14974631848534,1.16757151371335,1.14946511452743,0.956,0.00648567652600714,0.814333931141278,"population_ate"
"Model3","SRS",1500,"cal_quartic__rfnn","cal_quartic","rfnn",TRUE,1000,1000,0.0240168543650881,0.0240168543650881,1.14371539440549,1.15967583021074,1.14339565671307,0.956,0.00648567652600714,0.787455665689883,"population_ate"
"Model3","SRS",1500,"lin","lin","lin",FALSE,1000,1000,0.0208556007709363,0.0208556007709363,1.14971801226349,1.13573025939722,1.14933224626254,0.953,0.00669260786241059,0.827643001149269,"population_ate"
"Model3","SRS",1500,"sdim","sdim","sdim",FALSE,1000,1000,0.021746968105353,0.021746968105353,2.29657057580826,2.248016395546,2.29552501704521,0.948,0.00702111102319284,1.63094079621722,"population_ate"
"Model3","SBR",1500,"aipw_nn","aipw_nn","nn",TRUE,1000,1000,0.0904443499464556,0.0904443499464556,1.3752115060029,1.35373626711752,1.37749615607223,0.953,0.00669260786241059,0.94597326377799,"population_ate"
"Model3","SBR",1500,"aipw_rf","aipw_rf","rf",TRUE,1000,1000,0.0666626512685362,0.0666626512685362,1.29894455057626,1.30335790248439,1.3000052298358,0.952,0.00675988165576884,0.872682102533211,"population_ate"
"Model3","SBR",1500,"aipw_sl__grouped_nn","aipw_sl","grouped_nn",TRUE,1000,1000,0.0776101011402762,0.0776101011402762,1.23091058412652,1.23402998977082,1.23274046459406,0.957,0.00641490451994416,0.825462355179646,"population_ate"
"Model3","SBR",1500,"aipw_sl__grouped_rf","aipw_sl","grouped_rf",TRUE,1000,1000,0.0506086025624701,0.0506086025624701,1.26615942938918,1.27599525553986,1.26653771028889,0.951,0.00682634602111555,0.844174269994096,"population_ate"
"Model3","SBR",1500,"aipw_sl__rfnn","aipw_sl","rfnn",TRUE,1000,1000,0.0782480060874102,0.0782480060874102,1.19607711841611,1.20690632395121,1.1980369874015,0.954,0.00662449998113065,0.812268120333176,"population_ate"
"Model3","SBR",1500,"aipw_stack__grouped_nn","aipw_stack","grouped_nn",TRUE,1000,1000,0.0679826279968646,0.0679826279968646,1.22469332808421,1.23142495378389,1.22596717403668,0.956,0.00648567652600714,0.867710142451731,"population_ate"
"Model3","SBR",1500,"aipw_stack__grouped_rf","aipw_stack","grouped_rf",TRUE,1000,1000,0.0713561337763184,0.0713561337763184,1.15716832673054,1.17487074596224,1.15878867602314,0.951,0.00682634602111555,0.765596559713788,"population_ate"
"Model3","SBR",1500,"aipw_stack__rfnn","aipw_stack","rfnn",TRUE,1000,1000,0.0929875190945417,0.0929875190945417,1.15432734660782,1.16973587767507,1.15749117932315,0.949,0.00695693898205238,0.79353293861848,"population_ate"
"Model3","SBR",1500,"cal_quadratic__grouped_nn","cal_quadratic","grouped_nn",TRUE,1000,1000,0.00284828320482674,0.00284828320482674,1.15922213237305,1.1977916148608,1.15864587728458,0.96,0.00619677335393187,0.774549817903143,"population_ate"
"Model3","SBR",1500,"cal_quadratic__grouped_rf","cal_quadratic","grouped_rf",TRUE,1000,1000,0.0391154339837257,0.0391154339837257,1.13893525836026,1.17375913806901,1.13903747365447,0.959,0.00627048642451286,0.763105288990122,"population_ate"
"Model3","SBR",1500,"cal_quadratic__nn","cal_quadratic","nn",TRUE,1000,1000,0.0511263851431948,0.0511263851431948,1.23972692057185,1.26227831514681,1.24016120807369,0.968,0.00556560868189635,0.840694335914548,"population_ate"
"Model3","SBR",1500,"cal_quadratic__rf","cal_quadratic","rf",TRUE,1000,1000,0.0568867421557868,0.0568867421557868,1.17804579468413,1.2077084285905,1.17883001485019,0.956,0.00648567652600714,0.804123671883843,"population_ate"
"Model3","SBR",1500,"cal_quadratic__rflin","cal_quadratic","rflin",TRUE,1000,1000,0.0326473612097724,0.0326473612097724,1.12929780140092,1.16964217782944,1.12920505707275,0.957,0.00641490451994416,0.772119905603691,"population_ate"
"Model3","SBR",1500,"cal_quadratic__rfnn","cal_quadratic","rfnn",TRUE,1000,1000,0.0384022833140509,0.0384022833140509,1.12913208866165,1.16255957487331,1.12922055849843,0.96,0.00619677335393187,0.763715452482263,"population_ate"
"Model3","SBR",1500,"cal_quartic__grouped_nn","cal_quartic","grouped_nn",TRUE,1000,1000,0.0642025083395429,0.0642025083395429,1.16505267182946,1.1977916148608,1.16623854441788,0.961,0.00612200947402077,0.75989451525335,"population_ate"
"Model3","SBR",1500,"cal_quartic__grouped_rf","cal_quartic","grouped_rf",TRUE,1000,1000,0.0687436759550965,0.0687436759550965,1.14292013810707,1.17375913806901,1.14441507707318,0.954,0.00662449998113065,0.742870945585516,"population_ate"
"Model3","SBR",1500,"cal_quartic__nn","cal_quartic","nn",TRUE,1000,1000,0.0957927323006951,0.0957927323006951,1.24376383557316,1.26227831514681,1.24682708414704,0.965,0.00581162627841812,0.826125025822424,"population_ate"
"Model3","SBR",1500,"cal_quartic__rf","cal_quartic","rf",TRUE,1000,1000,0.0902832526410775,0.0902832526410775,1.18154171040481,1.2077084285905,1.18439682468349,0.953,0.00669260786241059,0.807164936046608,"population_ate"
"Model3","SBR",1500,"cal_quartic__rflin","cal_quartic","rflin",TRUE,1000,1000,0.0709523924285595,0.0709523924285595,1.13222489667755,1.16964217782944,1.13388073686396,0.956,0.00648567652600714,0.773812012542959,"population_ate"
"Model3","SBR",1500,"cal_quartic__rfnn","cal_quartic","rfnn",TRUE,1000,1000,0.0812844176269109,0.0812844176269109,1.13301673079506,1.16255957487331,1.13536352852212,0.957,0.00641490451994416,0.768590225293259,"population_ate"
"Model3","SBR",1500,"lin","lin","lin",FALSE,1000,1000,0.0640484648938691,0.0640484648938691,1.1488161060432,1.13785863258637,1.15002646617981,0.951,0.00682634602111555,0.766826623744266,"population_ate"
"Model3","SBR",1500,"sdim","sdim","sdim",FALSE,1000,1000,-0.0233988171524588,0.0233988171524588,2.30125315756372,2.25105712096638,2.30022125756327,0.938,0.00762600813007697,1.48718545229816,"population_ate"
"Model3","PS",1500,"aipw_nn","aipw_nn","nn",TRUE,1000,1000,0.0832252042429687,0.0832252042429687,1.31663818841222,1.35456377377188,1.31860874321669,0.947,0.00708456067798138,0.861513137419234,"population_ate"
"Model3","PS",1500,"aipw_rf","aipw_rf","rf",TRUE,1000,1000,0.0472928337218951,0.0472928337218951,1.22485819405178,1.30241122084577,1.22515873667934,0.961,0.00612200947402077,0.78725578394819,"population_ate"
"Model3","PS",1500,"aipw_sl__grouped_nn","aipw_sl","grouped_nn",TRUE,1000,1000,0.0965915793018701,0.0965915793018701,1.20835317710722,1.23317446305236,1.21160522300645,0.951,0.00682634602111555,0.795136897389007,"population_ate"
"Model3","PS",1500,"aipw_sl__grouped_rf","aipw_sl","grouped_rf",TRUE,1000,1000,0.0491196832864402,0.0491196832864402,1.20645887287228,1.27473846322963,1.20685550593535,0.959,0.00627048642451286,0.806299585717191,"population_ate"
"Model3","PS",1500,"aipw_sl__rfnn","aipw_sl","rfnn",TRUE,1000,1000,0.0599595531713921,0.0599595531713921,1.16528356840681,1.20674832460942,1.16624313803795,0.952,0.00675988165576884,0.757404938778315,"population_ate"
"Model3","PS",1500,"aipw_stack__grouped_nn","aipw_stack","grouped_nn",TRUE,1000,1000,0.0913984798669611,0.0913984798669611,1.20274055581755,1.23027171205736,1.20560853592105,0.953,0.00669260786241059,0.777657502027203,"population_ate"
"Model3","PS",1500,"aipw_stack__grouped_rf","aipw_stack","grouped_rf",TRUE,1000,1000,0.0480120996964035,0.0480120996964035,1.12439253061686,1.17400030140836,1.12485530894481,0.954,0.00662449998113065,0.764120657138978,"population_ate"
"Model3","PS",1500,"aipw_stack__rfnn","aipw_stack","rfnn",TRUE,1000,1000,0.0526720532165947,0.0526720532165947,1.13388447724772,1.16973866171309,1.13454072598812,0.951,0.00682634602111555,0.741472843947133,"population_ate"
"Model3","PS",1500,"cal_quadratic__grouped_nn","cal_quadratic","grouped_nn",TRUE,1000,1000,0.00657912864959932,0.00657912864959932,1.13397863563418,1.19415387142498,1.13343059931452,0.956,0.00648567652600714,0.73115872980577,"population_ate"
"Model3","PS",1500,"cal_quadratic__grouped_rf","cal_quadratic","grouped_rf",TRUE,1000,1000,0.0124066785769165,0.0124066785769165,1.11855961913891,1.17288547482511,1.11806903705448,0.954,0.00662449998113065,0.7366845051016,"population_ate"
"Model3","PS",1500,"cal_quadratic__nn","cal_quadratic","nn",TRUE,1000,1000,0.0387692388654409,0.0387692388654409,1.21321523070894,1.26094955736166,1.21322807365735,0.953,0.00669260786241059,0.78871873583434,"population_ate"
"Model3","PS",1500,"cal_quadratic__rf","cal_quadratic","rf",TRUE,1000,1000,0.00889297738770605,0.00889297738770605,1.1349105316543,1.20718632621888,1.13437779332629,0.958,0.00634318531969546,0.757967202674738,"population_ate"
"Model3","PS",1500,"cal_quadratic__rflin","cal_quadratic","rflin",TRUE,1000,1000,0.0274601842952492,0.0274601842952492,1.10659546471726,1.16914694012859,1.10638285901934,0.957,0.00641490451994416,0.721685817130229,"population_ate"
"Model3","PS",1500,"cal_quadratic__rfnn","cal_quadratic","rfnn",TRUE,1000,1000,0.0155300261556538,0.0155300261556538,1.10797348519011,1.16142934194371,1.10752824810604,0.955,0.00655553201502365,0.704937596655675,"population_ate"
"Model3","PS",1500,"cal_quartic__grouped_nn","cal_quartic","grouped_nn",TRUE,1000,1000,0.0639436274528244,0.0639436274528244,1.13669778782882,1.19415387142498,1.13792731160031,0.955,0.00655553201502365,0.737407334208459,"population_ate"
"Model3","PS",1500,"cal_quartic__grouped_rf","cal_quartic","grouped_rf",TRUE,1000,1000,0.039733793547413,0.039733793547413,1.12300574116444,1.17288547482511,1.12314715293379,0.954,0.00662449998113065,0.749590308434207,"population_ate"
"Model3","PS",1500,"cal_quartic__nn","cal_quartic","nn",TRUE,1000,1000,0.0791593622127107,0.0791593622127107,1.21593046644767,1.26094955736166,1.21789762170813,0.955,0.00655553201502365,0.789023589063401,"population_ate"
"Model3","PS",1500,"cal_quartic__rf","cal_quartic","rf",TRUE,1000,1000,0.0396486670661498,0.0396486670661498,1.13982102049751,1.20718632621888,1.13994069302281,0.957,0.00641490451994416,0.771012980403959,"population_ate"
"Model3","PS",1500,"cal_quartic__rflin","cal_quartic","rflin",TRUE,1000,1000,0.0605499789148484,0.0605499789148484,1.11159652132524,1.16914694012859,1.11268930045307,0.955,0.00655553201502365,0.711798946521444,"population_ate"
"Model3","PS",1500,"cal_quartic__rfnn","cal_quartic","rfnn",TRUE,1000,1000,0.052679996284004,0.052679996284004,1.11251767916224,1.16142934194371,1.11320845885691,0.955,0.00655553201502365,0.719030937391971,"population_ate"
"Model3","PS",1500,"lin","lin","lin",FALSE,1000,1000,0.0489092347857927,0.0489092347857927,1.12304782683946,1.13713848293152,1.12355119963213,0.95,0.00689202437604511,0.736821324880765,"population_ate"
"Model3","PS",1500,"sdim","sdim","sdim",FALSE,1000,1000,0.0718537094778256,0.0718537094778256,2.18424052615714,2.24972862741122,2.18433026921225,0.954,0.00662449998113065,1.45434036657333,"population_ate"
"Model4","SRS",500,"aipw_nn","aipw_nn","nn",TRUE,1000,1000,-0.0297662200052343,0.0297662200052343,5.87932423426543,6.00063339874638,5.87645922524972,0.949,0.00695693898205238,3.87678807730175,"population_ate"
"Model4","SRS",500,"aipw_rf","aipw_rf","rf",TRUE,1000,1000,-0.16105990913874,0.16105990913874,5.23575131420282,5.13545536313408,5.23561066416174,0.944,0.00727076337120113,3.55861046531405,"population_ate"
"Model4","SRS",500,"aipw_sl__grouped_nn","aipw_sl","grouped_nn",TRUE,1000,1000,-0.0798317685828436,0.0798317685828436,5.55910348793113,5.60133837136888,5.55689671212391,0.953,0.00669260786241059,3.61199896455107,"population_ate"
"Model4","SRS",500,"aipw_sl__grouped_rf","aipw_sl","grouped_rf",TRUE,1000,1000,-0.160339773448161,0.160339773448161,5.23146108733261,5.13078620073759,5.23130249231647,0.944,0.00727076337120113,3.56554019708231,"population_ate"
"Model4","SRS",500,"aipw_sl__rfnn","aipw_sl","rfnn",TRUE,1000,1000,-0.159915661141283,0.159915661141283,5.2089345277689,5.12957160820355,5.20878478479834,0.944,0.00727076337120113,3.66841680846062,"population_ate"
"Model4","SRS",500,"aipw_stack__grouped_nn","aipw_stack","grouped_nn",TRUE,1000,1000,-0.0126532266496233,0.0126532266496233,5.59253248413223,5.60835330155929,5.58974983971848,0.949,0.00695693898205238,3.68763907980492,"population_ate"
"Model4","SRS",500,"aipw_stack__grouped_rf","aipw_stack","grouped_rf",TRUE,1000,1000,-0.143987792685137,0.143987792685137,5.16237826049561,5.09626365344177,5.16180507570517,0.945,0.00720936890441875,3.4463389623161,"population_ate"
"Model4","SRS",500,"aipw_stack__rfnn","aipw_stack","rfnn",TRUE,1000,1000,-0.187480496907148,0.187480496907148,5.19506878709083,5.12303440288754,5.19585410684551,0.944,0.00727076337120113,3.63624105591067,"population_ate"
"Model4","SRS",500,"cal_quadratic__grouped_nn","cal_quadratic","grouped_nn",TRUE,1000,1000,-0.365915625731543,0.365915625731543,5.4017204867314,5.31145599444437,5.41140461227134,0.942,0.00739161687318817,3.67929369085611,"population_ate"
"Model4","SRS",500,"cal_quadratic__grouped_rf","cal_quadratic","grouped_rf",TRUE,1000,1000,-0.58735556215149,0.58735556215149,5.23586940919624,5.09228872176873,5.2661086865044,0.94,0.00750999334220744,3.61364688089135,"population_ate"
"Model4","SRS",500,"cal_quadratic__nn","cal_quadratic","nn",TRUE,1000,1000,-0.381071411832949,0.381071411832949,5.40070006289163,5.34186937761625,5.41143317699338,0.944,0.00727076337120113,3.64005826979598,"population_ate"
"Model4","SRS",500,"cal_quadratic__rf","cal_quadratic","rf",TRUE,1000,1000,-0.567398014119972,0.567398014119972,5.19944707807164,5.08914420738912,5.22772954294475,0.945,0.00720936890441875,3.57095918804191,"population_ate"
"Model4","SRS",500,"cal_quadratic__rflin","cal_quadratic","rflin",TRUE,1000,1000,-0.525013477227394,0.525013477227394,5.22134239488986,5.05804666917309,5.24507322537444,0.945,0.00720936890441875,3.58154592093967,"population_ate"
"Model4","SRS",500,"cal_quadratic__rfnn","cal_quadratic","rfnn",TRUE,1000,1000,-0.724706734807842,0.724706734807842,5.22132465726755,5.09348080760467,5.26879196750918,0.935,0.0077958322198467,3.59432108972084,"population_ate"
"Model4","SRS",500,"cal_quartic__grouped_nn","cal_quartic","grouped_nn",TRUE,1000,1000,-0.198263112635618,0.198263112635618,5.39338219612337,5.31145599444437,5.39432954163713,0.943,0.00733150734842434,3.64940136039646,"population_ate"
"Model4","SRS",500,"cal_quartic__grouped_rf","cal_quartic","grouped_rf",TRUE,1000,1000,-0.33833678925701,0.33833678925701,5.19407734694578,5.09228872176873,5.20249294372746,0.945,0.00720936890441875,3.58359483586993,"population_ate"
"Model4","SRS",500,"cal_quartic__nn","cal_quartic","nn",TRUE,1000,1000,-0.178691618971132,0.178691618971132,5.39454427039468,5.34186937761625,5.39480652776847,0.948,0.00702111102319284,3.66217990515259,"population_ate"
"Model4","SRS",500,"cal_quartic__rf","cal_quartic","rf",TRUE,1000,1000,-0.26482349284983,0.26482349284983,5.14499358052359,5.08914420738912,5.14923484287234,0.951,0.00682634602111555,3.49323581725581,"population_ate"
"Model4","SRS",500,"cal_quartic__rflin","cal_quartic","rflin",TRUE,1000,1000,-0.30296904642068,0.30296904642068,5.1618560583508,5.05804666917309,5.16816248315151,0.947,0.00708456067798138,3.49333541640299,"population_ate"
"Model4","SRS",500,"cal_quartic__rfnn","cal_quartic","rfnn",TRUE,1000,1000,-0.391484472208062,0.391484472208062,5.17304938654858,5.09348080760467,5.18526176848334,0.937,0.00768316341099159,3.54222378756437,"population_ate"
"Model4","SRS",500,"lin","lin","lin",FALSE,1000,1000,-0.66638427603493,0.66638427603493,5.4112904213936,5.10277551730279,5.44948162341961,0.93,0.00806845710157772,3.73580275785154,"population_ate"
"Model4","SRS",500,"sdim","sdim","sdim",FALSE,1000,1000,-0.106866897395294,0.106866897395294,5.91309426218957,5.7896004051175,5.91110307840631,0.944,0.00727076337120113,4.00162121688949,"population_ate"
"Model4","SBR",500,"aipw_nn","aipw_nn","nn",TRUE,1000,1000,0.0140249203441722,0.0140249203441722,6.11929759031772,6.00589662904061,6.11625325622313,0.946,0.00714730718522718,4.12618135143799,"population_ate"
"Model4","SBR",500,"aipw_rf","aipw_rf","rf",TRUE,1000,1000,-0.132903897330304,0.132903897330304,5.22294441045294,5.14169011358239,5.22202380426329,0.953,0.00669260786241059,3.7568053022608,"population_ate"
"Model4","SBR",500,"aipw_sl__grouped_nn","aipw_sl","grouped_nn",TRUE,1000,1000,0.00158379856120701,0.00158379856120701,5.66162634180903,5.60834095209877,5.65879504221963,0.946,0.00714730718522718,3.97365693150227,"population_ate"
"Model4","SBR",500,"aipw_sl__grouped_rf","aipw_sl","grouped_rf",TRUE,1000,1000,-0.135497413959594,0.135497413959594,5.21826815266653,5.13721229969624,5.21741811050355,0.952,0.00675988165576884,3.77130624559569,"population_ate"
"Model4","SBR",500,"aipw_sl__rfnn","aipw_sl","rfnn",TRUE,1000,1000,-0.106855712200227,0.106855712200227,5.22232710661098,5.13578919633592,5.22080892690637,0.949,0.00695693898205238,3.72306167514947,"population_ate"
"Model4","SBR",500,"aipw_stack__grouped_nn","aipw_stack","grouped_nn",TRUE,1000,1000,-0.0161658119471231,0.0161658119471231,5.73101055316733,5.61822412611056,5.72816714246631,0.942,0.00739161687318817,3.99119162395434,"population_ate"
"Model4","SBR",500,"aipw_stack__grouped_rf","aipw_stack","grouped_rf",TRUE,1000,1000,-0.135821084436211,0.135821084436211,5.17615421627956,5.09866895002301,5.17534803324525,0.945,0.00720936890441875,3.62863538075336,"population_ate"
"Model4","SBR",500,"aipw_stack__rfnn","aipw_stack","rfnn",TRUE,1000,1000,-0.0983984168471128,0.0983984168471128,5.19517350965639,5.12950857241633,5.1935075061155,0.95,0.00689202437604511,3.71605063169403,"population_ate"
"Model4","SBR",500,"cal_quadratic__grouped_nn","cal_quadratic","grouped_nn",TRUE,1000,1000,-0.283048463084641,0.283048463084641,5.35667178706851,5.32603788008102,5.36146949391638,0.948,0.00702111102319284,3.74893718887606,"population_ate"
"Model4","SBR",500,"cal_quadratic__grouped_rf","cal_quadratic","grouped_rf",TRUE,1000,1000,-0.546352307536404,0.546352307536404,5.30372904399833,5.10082399041447,5.32915688212776,0.937,0.00768316341099159,3.83324940426085,"population_ate"
"Model4","SBR",500,"cal_quadratic__nn","cal_quadratic","nn",TRUE,1000,1000,-0.325663530246697,0.325663530246697,5.38549231152793,5.35694552224577,5.39264134214595,0.939,0.00756828910652864,3.81434314586352,"population_ate"
"Model4","SBR",500,"cal_quadratic__rf","cal_quadratic","rf",TRUE,1000,1000,-0.563010992264067,0.563010992264067,5.26509167468494,5.09844887938765,5.29249001226304,0.942,0.00739161687318817,3.85868037593818,"population_ate"
"Model4","SBR",500,"cal_quadratic__rflin","cal_quadratic","rflin",TRUE,1000,1000,-0.535866084315467,0.535866084315467,5.22810074279234,5.06723616775454,5.25289032816493,0.943,0.00733150734842434,3.75817383647067,"population_ate"
"Model4","SBR",500,"cal_quadratic__rfnn","cal_quadratic","rfnn",TRUE,1000,1000,-0.679288241595692,0.679288241595692,5.26846590746331,5.10212205656276,5.30946407844099,0.939,0.00756828910652864,3.79388656018578,"population_ate"
"Model4","SBR",500,"cal_quartic__grouped_nn","cal_quartic","grouped_nn",TRUE,1000,1000,-0.132110849195893,0.132110849195893,5.34842965837386,5.32603788008102,5.3473869681591,0.946,0.00714730718522718,3.71036165051285,"population_ate"
"Model4","SBR",500,"cal_quartic__grouped_rf","cal_quartic","grouped_rf",TRUE,1000,1000,-0.297563492990097,0.297563492990097,5.25289239778812,5.10082399041447,5.25869087288443,0.946,0.00714730718522718,3.69283852298016,"population_ate"
"Model4","SBR",500,"cal_quartic__nn","cal_quartic","nn",TRUE,1000,1000,-0.130497353890597,0.130497353890597,5.38644211525434,5.35694552224577,5.38532955924678,0.942,0.00739161687318817,3.74853606092052,"population_ate"
"Model4","SBR",500,"cal_quartic__rf","cal_quartic","rf",TRUE,1000,1000,-0.268898075246215,0.268898075246215,5.21097604834343,5.09844887938765,5.21530663335375,0.946,0.00714730718522718,3.78100777723564,"population_ate"
"Model4","SBR",500,"cal_quartic__rflin","cal_quartic","rflin",TRUE,1000,1000,-0.311450643448531,0.311450643448531,5.17154593773919,5.06723616775454,5.17833409525351,0.944,0.00727076337120113,3.72742582646628,"population_ate"
"Model4","SBR",500,"cal_quartic__rfnn","cal_quartic","rfnn",TRUE,1000,1000,-0.355030453676155,0.355030453676155,5.21475507366567,5.10212205656276,5.22422467270321,0.943,0.00733150734842434,3.67793802915836,"population_ate"
"Model4","SBR",500,"lin","lin","lin",FALSE,1000,1000,-0.629349096446384,0.629349096446384,5.35464283178197,5.10669559417964,5.3888410573421,0.936,0.0077397674383666,3.64738453100972,"population_ate"
"Model4","SBR",500,"sdim","sdim","sdim",FALSE,1000,1000,-0.111463346757896,0.111463346757896,5.8201463480526,5.80063387989644,5.81830331685344,0.952,0.00675988165576884,4.15278812860507,"population_ate"
"Model4","PS",500,"aipw_nn","aipw_nn","nn",TRUE,1000,1000,-0.0450522590714295,0.0450522590714295,5.9784975662529,6.00342523277237,5.97567740282134,0.954,0.00662449998113065,3.98475676762926,"population_ate"
"Model4","PS",500,"aipw_rf","aipw_rf","rf",TRUE,1000,1000,-0.225067983372802,0.225067983372802,5.16222853951631,5.13193883093148,5.1645532708882,0.95,0.00689202437604511,3.69625536627465,"population_ate"
"Model4","PS",500,"aipw_sl__grouped_nn","aipw_sl","grouped_nn",TRUE,1000,1000,-0.103390910260526,0.103390910260526,5.60095980600371,5.59921339959851,5.59911329391049,0.952,0.00675988165576884,3.74620967520371,"population_ate"
"Model4","PS",500,"aipw_sl__grouped_rf","aipw_sl","grouped_rf",TRUE,1000,1000,-0.224283334134797,0.224283334134797,5.15865319487949,5.1273135070113,5.16094895307307,0.95,0.00689202437604511,3.67326950581244,"population_ate"
"Model4","PS",500,"aipw_sl__rfnn","aipw_sl","rfnn",TRUE,1000,1000,-0.209501057340571,0.209501057340571,5.15110145900242,5.12673632836597,5.15278595399835,0.949,0.00695693898205238,3.62617184069531,"population_ate"
"Model4","PS",500,"aipw_stack__grouped_nn","aipw_stack","grouped_nn",TRUE,1000,1000,-0.0391287854692549,0.0391287854692549,5.61084913757463,5.61325600501199,5.60817951553173,0.949,0.00695693898205238,3.83283351109021,"population_ate"
"Model4","PS",500,"aipw_stack__grouped_rf","aipw_stack","grouped_rf",TRUE,1000,1000,-0.241371170680399,0.241371170680399,5.13760002452037,5.09034164883764,5.14070025579934,0.951,0.00682634602111555,3.70219847515458,"population_ate"
"Model4","PS",500,"aipw_stack__rfnn","aipw_stack","rfnn",TRUE,1000,1000,-0.229587488182948,0.229587488182948,5.15712991548483,5.11898333882356,5.15966117016937,0.942,0.00739161687318817,3.53404426278276,"population_ate"
"Model4","PS",500,"cal_quadratic__grouped_nn","cal_quadratic","grouped_nn",TRUE,1000,1000,-0.415819504049604,0.415819504049604,5.37147779352178,5.30959764754479,5.38487017230307,0.947,0.00708456067798138,3.70246895471038,"population_ate"
"Model4","PS",500,"cal_quadratic__grouped_rf","cal_quadratic","grouped_rf",TRUE,1000,1000,-0.582245494104985,0.582245494104985,5.23046108962303,5.0908425340096,5.26016875226034,0.941,0.00745110730026082,3.56092463628266,"population_ate"
"Model4","PS",500,"cal_quadratic__nn","cal_quadratic","nn",TRUE,1000,1000,-0.433963528833627,0.433963528833627,5.37844485155297,5.34277182671767,5.39324259574267,0.948,0.00702111102319284,3.63095316732292,"population_ate"
"Model4","PS",500,"cal_quadratic__rf","cal_quadratic","rf",TRUE,1000,1000,-0.620060929933673,0.620060929933673,5.23016401984902,5.08714324600165,5.26419382390874,0.941,0.00745110730026082,3.66046950435816,"population_ate"
"Model4","PS",500,"cal_quadratic__rflin","cal_quadratic","rflin",TRUE,1000,1000,-0.539748660368467,0.539748660368467,5.16924179891808,5.05690395780458,5.19477317418919,0.945,0.00720936890441875,3.48199692651004,"population_ate"
"Model4","PS",500,"cal_quadratic__rfnn","cal_quadratic","rfnn",TRUE,1000,1000,-0.735166585522586,0.735166585522586,5.26023159902802,5.09274239087143,5.30875092158282,0.933,0.00790638982089803,3.75181460068185,"population_ate"
"Model4","PS",500,"cal_quartic__grouped_nn","cal_quartic","grouped_nn",TRUE,1000,1000,-0.263548268609857,0.263548268609857,5.35933579888995,5.30959764754479,5.36313484959547,0.948,0.00702111102319284,3.68697118190519,"population_ate"
"Model4","PS",500,"cal_quartic__grouped_rf","cal_quartic","grouped_rf",TRUE,1000,1000,-0.336613613532522,0.336613613532522,5.19026013674884,5.0908425340096,5.19857386324869,0.947,0.00708456067798138,3.52738145858211,"population_ate"
"Model4","PS",500,"cal_quartic__nn","cal_quartic","nn",TRUE,1000,1000,-0.231027552750402,0.231027552750402,5.36935488359902,5.34277182671767,5.37163993807221,0.95,0.00689202437604511,3.66564891357369,"population_ate"
"Model4","PS",500,"cal_quartic__rf","cal_quartic","rf",TRUE,1000,1000,-0.327129135309033,0.327129135309033,5.18212946624504,5.08714324600165,5.18985787958478,0.943,0.00733150734842434,3.55291109943922,"population_ate"
"Model4","PS",500,"cal_quartic__rflin","cal_quartic","rflin",TRUE,1000,1000,-0.307292977756058,0.307292977756058,5.11958277361643,5.05690395780458,5.12624098363629,0.949,0.00695693898205238,3.41204891078233,"population_ate"
"Model4","PS",500,"cal_quartic__rfnn","cal_quartic","rfnn",TRUE,1000,1000,-0.4065799179869,0.4065799179869,5.21970065249422,5.09274239087143,5.23290902428631,0.939,0.00756828910652864,3.5519440070848,"population_ate"
"Model4","PS",500,"lin","lin","lin",FALSE,1000,1000,-0.711884617589602,0.711884617589602,5.29719635840136,5.09860208100682,5.34219137423604,0.934,0.00785136930732467,3.5753280823829,"population_ate"
"Model4","PS",500,"sdim","sdim","sdim",FALSE,1000,1000,-0.21083697537159,0.21083697537159,5.6989332590041,5.78238567100786,5.69998374387826,0.951,0.00682634602111555,3.93398183006143,"population_ate"
"Model4","SRS",1500,"aipw_nn","aipw_nn","nn",TRUE,1000,1000,0.219150616739378,0.219150616739378,2.97959618197585,3.01372906924872,2.98615846984963,0.96,0.00619677335393187,2.0126816335736,"population_ate"
"Model4","SRS",1500,"aipw_rf","aipw_rf","rf",TRUE,1000,1000,0.269724455857002,0.269724455857002,2.92170069242467,2.90152673553,2.93266941254312,0.956,0.00648567652600714,2.04575933503141,"population_ate"
"Model4","SRS",1500,"aipw_sl__grouped_nn","aipw_sl","grouped_nn",TRUE,1000,1000,0.216422363709469,0.216422363709469,2.9763843848265,2.98985799512262,2.98275774774727,0.958,0.00634318531969546,2.00449542227075,"population_ate"
"Model4","SRS",1500,"aipw_sl__grouped_rf","aipw_sl","grouped_rf",TRUE,1000,1000,0.268972772119838,0.268972772119838,2.9206195834219,2.89990146975568,2.93152436190769,0.957,0.00641490451994416,2.04505748577937,"population_ate"
"Model4","SRS",1500,"aipw_sl__rfnn","aipw_sl","rfnn",TRUE,1000,1000,0.229844824728552,0.229844824728552,2.90383069549752,2.89311827881422,2.91146511551487,0.961,0.00612200947402077,1.98250022536202,"population_ate"
"Model4","SRS",1500,"aipw_stack__grouped_nn","aipw_stack","grouped_nn",TRUE,1000,1000,0.223769634884763,0.223769634884763,2.96684326733787,2.98346866899582,2.97379045386046,0.961,0.00612200947402077,1.99041372333137,"population_ate"
"Model4","SRS",1500,"aipw_stack__grouped_rf","aipw_stack","grouped_rf",TRUE,1000,1000,0.258549896210273,0.258549896210273,2.90928933176789,2.89059686640588,2.91930616762834,0.959,0.00627048642451286,1.98586819690823,"population_ate"
"Model4","SRS",1500,"aipw_stack__rfnn","aipw_stack","rfnn",TRUE,1000,1000,0.228523940916801,0.228523940916801,2.89869234773349,2.8892709886998,2.90624123242618,0.961,0.00612200947402077,1.98620725696213,"population_ate"
"Model4","SRS",1500,"cal_quadratic__grouped_nn","cal_quadratic","grouped_nn",TRUE,1000,1000,0.0234679656696949,0.0234679656696949,2.94116632428502,2.91064831036539,2.93978904569253,0.953,0.00669260786241059,1.99285300224185,"population_ate"
"Model4","SRS",1500,"cal_quadratic__grouped_rf","cal_quadratic","grouped_rf",TRUE,1000,1000,0.0694973317449991,0.0694973317449991,2.92760666784339,2.88871790409752,2.92696768002641,0.95,0.00689202437604511,2.01212891965961,"population_ate"
"Model4","SRS",1500,"cal_quadratic__nn","cal_quadratic","nn",TRUE,1000,1000,0.0309841666437705,0.0309841666437705,2.93240996621962,2.91145993186055,2.931107162892,0.955,0.00655553201502365,1.95403389526959,"population_ate"
"Model4","SRS",1500,"cal_quadratic__rf","cal_quadratic","rf",TRUE,1000,1000,0.0887343044128549,0.0887343044128549,2.9222478326973,2.88969034521571,2.92213391891747,0.952,0.00675988165576884,2.04238614818112,"population_ate"
"Model4","SRS",1500,"cal_quadratic__rflin","cal_quadratic","rflin",TRUE,1000,1000,0.0920514160649927,0.0920514160649927,2.90752600335622,2.87897012193655,2.9075294006995,0.953,0.00669260786241059,2.00372105565142,"population_ate"
"Model4","SRS",1500,"cal_quadratic__rfnn","cal_quadratic","rfnn",TRUE,1000,1000,-0.028965465887756,0.028965465887756,2.89570395743213,2.86747510806915,2.89440068164259,0.955,0.00655553201502365,2.02238009257789,"population_ate"
"Model4","SRS",1500,"cal_quartic__grouped_nn","cal_quartic","grouped_nn",TRUE,1000,1000,0.18059562978567,0.18059562978567,2.92872459614722,2.91064831036539,2.93282544891702,0.957,0.00641490451994416,1.97910462166585,"population_ate"
"Model4","SRS",1500,"cal_quartic__grouped_rf","cal_quartic","grouped_rf",TRUE,1000,1000,0.216301686207724,0.216301686207724,2.91046030526036,2.88871790409752,2.91703528068552,0.955,0.00655553201502365,1.99179953302272,"population_ate"
"Model4","SRS",1500,"cal_quartic__nn","cal_quartic","nn",TRUE,1000,1000,0.189436170018719,0.189436170018719,2.91962670141794,2.91145993186055,2.92430879321394,0.958,0.00634318531969546,1.96644039600755,"population_ate"
"Model4","SRS",1500,"cal_quartic__rf","cal_quartic","rf",TRUE,1000,1000,0.232561777697432,0.232561777697432,2.90729222889846,2.88969034521571,2.91512962602951,0.955,0.00655553201502365,2.00893058352457,"population_ate"
"Model4","SRS",1500,"cal_quartic__rflin","cal_quartic","rflin",TRUE,1000,1000,0.216638268619077,0.216638268619077,2.88491376126708,2.87897012193655,2.89159762449212,0.959,0.00627048642451286,2.01662347638941,"population_ate"
"Model4","SRS",1500,"cal_quartic__rfnn","cal_quartic","rfnn",TRUE,1000,1000,0.189934539641536,0.189934539641536,2.86992660648366,2.86747510806915,2.8747725783486,0.959,0.00627048642451286,1.98803775433676,"population_ate"
"Model4","SRS",1500,"lin","lin","lin",FALSE,1000,1000,0.0304728873504887,0.0304728873504887,3.06514557865023,2.98818420937405,3.06376417136898,0.945,0.00720936890441875,2.09471872365828,"population_ate"
"Model4","SRS",1500,"sdim","sdim","sdim",FALSE,1000,1000,0.324803748802134,0.324803748802134,3.38656828347937,3.35443477390122,3.40042252803467,0.952,0.00675988165576884,2.27394827254311,"population_ate"
"Model4","SBR",1500,"aipw_nn","aipw_nn","nn",TRUE,1000,1000,0.226371641537983,0.226371641537983,3.0293708534101,3.0114758204337,3.03630611101973,0.959,0.00627048642451286,2.07755526891073,"population_ate"
"Model4","SBR",1500,"aipw_rf","aipw_rf","rf",TRUE,1000,1000,0.242272917088149,0.242272917088149,2.90718654026599,2.90266067942213,2.91581515406554,0.959,0.00627048642451286,2.02911754985983,"population_ate"
"Model4","SBR",1500,"aipw_sl__grouped_nn","aipw_sl","grouped_nn",TRUE,1000,1000,0.234983037986443,0.234983037986443,3.0036736175837,2.98930085453956,3.01135354515353,0.96,0.00619677335393187,2.06710958318337,"population_ate"
"Model4","SBR",1500,"aipw_sl__grouped_rf","aipw_sl","grouped_rf",TRUE,1000,1000,0.244142616487111,0.244142616487111,2.90504742987906,2.9009834293788,2.91384057327477,0.96,0.00619677335393187,2.02989393539215,"population_ate"
"Model4","SBR",1500,"aipw_sl__rfnn","aipw_sl","rfnn",TRUE,1000,1000,0.24412354532171,0.24412354532171,2.8831929767097,2.89384929367629,2.89207282836854,0.96,0.00619677335393187,2.02692895274753,"population_ate"
"Model4","SBR",1500,"aipw_stack__grouped_nn","aipw_stack","grouped_nn",TRUE,1000,1000,0.240049647320036,0.240049647320036,2.99268890553529,2.9817694033267,3.00080897952655,0.955,0.00655553201502365,2.03351781136055,"population_ate"
"Model4","SBR",1500,"aipw_stack__grouped_rf","aipw_stack","grouped_rf",TRUE,1000,1000,0.246962368019908,0.246962368019908,2.89171579448786,2.89096245288063,2.90080137670135,0.958,0.00634318531969546,2.0561618938375,"population_ate"
"Model4","SBR",1500,"aipw_stack__rfnn","aipw_stack","rfnn",TRUE,1000,1000,0.244319617382433,0.244319617382433,2.8790953402668,2.88969972590901,2.88800845978774,0.961,0.00612200947402077,2.03167333171714,"population_ate"
"Model4","SBR",1500,"cal_quadratic__grouped_nn","cal_quadratic","grouped_nn",TRUE,1000,1000,0.0362798102910655,0.0362798102910655,2.91778737914951,2.91178381277327,2.91655377652616,0.961,0.00612200947402077,1.97273764990244,"population_ate"
"Model4","SBR",1500,"cal_quadratic__grouped_rf","cal_quadratic","grouped_rf",TRUE,1000,1000,0.0607024067902764,0.0607024067902764,2.88994865041388,2.89198653683204,2.88914108015118,0.958,0.00634318531969546,2.03306267073852,"population_ate"
"Model4","SBR",1500,"cal_quadratic__nn","cal_quadratic","nn",TRUE,1000,1000,0.0488494807920309,0.0488494807920309,2.91636847663874,2.91242649079032,2.91531922063679,0.96,0.00619677335393187,1.94511679224249,"population_ate"
"Model4","SBR",1500,"cal_quadratic__rf","cal_quadratic","rf",TRUE,1000,1000,0.0856049714007032,0.0856049714007032,2.88820594576064,2.89311452678492,2.88803048160343,0.958,0.00634318531969546,2.04169902501746,"population_ate"
"Model4","SBR",1500,"cal_quadratic__rflin","cal_quadratic","rflin",TRUE,1000,1000,0.0877812976983437,0.0877812976983437,2.88755106390359,2.88243719249444,2.88744155814965,0.962,0.00604615580348373,2.00592138117296,"population_ate"
"Model4","SBR",1500,"cal_quadratic__rfnn","cal_quadratic","rfnn",TRUE,1000,1000,-0.0595383506275924,0.0595383506275924,2.88119084051,2.87030970928903,2.88036529175984,0.96,0.00619677335393187,2.02249310047086,"population_ate"
"Model4","SBR",1500,"cal_quartic__grouped_nn","cal_quartic","grouped_nn",TRUE,1000,1000,0.198360343304688,0.198360343304688,2.91228171192331,2.91178381277327,2.91757608480556,0.957,0.00641490451994416,2.00696515787405,"population_ate"
"Model4","SBR",1500,"cal_quartic__grouped_rf","cal_quartic","grouped_rf",TRUE,1000,1000,0.215839970235091,0.215839970235091,2.87746576704432,2.89198653683204,2.88411447831436,0.959,0.00627048642451286,2.08296314310008,"population_ate"
"Model4","SBR",1500,"cal_quartic__nn","cal_quartic","nn",TRUE,1000,1000,0.207038761582737,0.207038761582737,2.90951139169453,2.91242649079032,2.91541700802125,0.96,0.00619677335393187,1.99621317096308,"population_ate"
"Model4","SBR",1500,"cal_quartic__rf","cal_quartic","rf",TRUE,1000,1000,0.232118140333006,0.232118140333006,2.87621489288747,2.89311452678492,2.88413216219876,0.96,0.00619677335393187,2.05539186727659,"population_ate"
"Model4","SBR",1500,"cal_quartic__rflin","cal_quartic","rflin",TRUE,1000,1000,0.220980723230994,0.220980723230994,2.87398754613342,2.88243719249444,2.8810375025248,0.964,0.00589101010014412,1.98852958079364,"population_ate"
"Model4","SBR",1500,"cal_quartic__rfnn","cal_quartic","rfnn",TRUE,1000,1000,0.170984936821473,0.170984936821473,2.86373087631317,2.87030970928903,2.86740116238333,0.96,0.00619677335393187,2.01226987575753,"population_ate"
"Model4","SBR",1500,"lin","lin","lin",FALSE,1000,1000,0.0624224570414953,0.0624224570414953,3.01612867956156,2.98939844586078,3.01526644637006,0.953,0.00669260786241059,2.09255409781975,"population_ate"
"Model4","SBR",1500,"sdim","sdim","sdim",FALSE,1000,1000,0.225083206174151,0.225083206174151,3.3595208710874,3.35788546962049,3.36537613833732,0.953,0.00669260786241059,2.15829299907891,"population_ate"
"Model4","PS",1500,"aipw_nn","aipw_nn","nn",TRUE,1000,1000,0.216997957807004,0.216997957807004,2.99777719362749,3.00711094967969,3.00412542152002,0.953,0.00669260786241059,2.00350289645707,"population_ate"
"Model4","PS",1500,"aipw_rf","aipw_rf","rf",TRUE,1000,1000,0.248018840334414,0.248018840334414,2.92801741315677,2.90116405672819,2.93704375706906,0.96,0.00619677335393187,1.98862810120644,"population_ate"
"Model4","PS",1500,"aipw_sl__grouped_nn","aipw_sl","grouped_nn",TRUE,1000,1000,0.225314216309195,0.225314216309195,2.98091529413541,2.98519398219371,2.98793183170076,0.954,0.00662449998113065,2.05035619784991,"population_ate"
"Model4","PS",1500,"aipw_sl__grouped_rf","aipw_sl","grouped_rf",TRUE,1000,1000,0.246420437471024,0.246420437471024,2.92664991134005,2.89955598599845,2.93554721574131,0.959,0.00627048642451286,1.97909144458238,"population_ate"
"Model4","PS",1500,"aipw_sl__rfnn","aipw_sl","rfnn",TRUE,1000,1000,0.248333256159804,0.248333256159804,2.92108611444121,2.89156322916133,2.93016735870294,0.955,0.00655553201502365,2.00697134005712,"population_ate"
"Model4","PS",1500,"aipw_stack__grouped_nn","aipw_stack","grouped_nn",TRUE,1000,1000,0.223628448413704,0.223628448413704,2.98135538112839,2.9774433780551,2.98824381729713,0.958,0.00634318531969546,2.09802194480256,"population_ate"
"Model4","PS",1500,"aipw_stack__grouped_rf","aipw_stack","grouped_rf",TRUE,1000,1000,0.240468267049361,0.240468267049361,2.92142813678286,2.88974700638782,2.92985197637797,0.961,0.00612200947402077,2.00028697016042,"population_ate"
"Model4","PS",1500,"aipw_stack__rfnn","aipw_stack","rfnn",TRUE,1000,1000,0.248413192359341,0.248413192359341,2.91683253883427,2.88763409075405,2.92593801398473,0.955,0.00655553201502365,2.00123356539276,"population_ate"
"Model4","PS",1500,"cal_quadratic__grouped_nn","cal_quadratic","grouped_nn",TRUE,1000,1000,0.0145609989317407,0.0145609989317407,2.92451729266294,2.90946035235488,2.92309093535924,0.957,0.00641490451994416,2.0110956994295,"population_ate"
"Model4","PS",1500,"cal_quadratic__grouped_rf","cal_quadratic","grouped_rf",TRUE,1000,1000,0.0714038784067984,0.0714038784067984,2.92802350928561,2.88929486067813,2.92743007826145,0.959,0.00627048642451286,2.05828450300932,"population_ate"
"Model4","PS",1500,"cal_quadratic__nn","cal_quadratic","nn",TRUE,1000,1000,0.0465412164038206,0.0465412164038206,2.91228627996664,2.91019339631796,2.91120182225997,0.957,0.00641490451994416,1.98662170713963,"population_ate"
"Model4","PS",1500,"cal_quadratic__rf","cal_quadratic","rf",TRUE,1000,1000,0.0863401647825865,0.0863401647825865,2.93231520544776,2.89032457966992,2.93212015710317,0.959,0.00627048642451286,1.9784823444691,"population_ate"
"Model4","PS",1500,"cal_quadratic__rflin","cal_quadratic","rflin",TRUE,1000,1000,0.101095817691151,0.101095817691151,2.91481291265239,2.87959780160335,2.91510866792372,0.959,0.00627048642451286,1.94111198016763,"population_ate"
"Model4","PS",1500,"cal_quadratic__rfnn","cal_quadratic","rfnn",TRUE,1000,1000,-0.0281870858213606,0.0281870858213606,2.89244458838724,2.86816279223735,2.89113541242897,0.956,0.00648567652600714,1.97220522040514,"population_ate"
"Model4","PS",1500,"cal_quartic__grouped_nn","cal_quartic","grouped_nn",TRUE,1000,1000,0.17401786912101,0.17401786912101,2.9195975166297,2.90946035235488,2.92332136930318,0.957,0.00641490451994416,1.99492931187362,"population_ate"
"Model4","PS",1500,"cal_quartic__grouped_rf","cal_quartic","grouped_rf",TRUE,1000,1000,0.217244402613341,0.217244402613341,2.91405928142295,2.88929486067813,2.92069253510506,0.959,0.00627048642451286,2.04179249226444,"population_ate"
"Model4","PS",1500,"cal_quartic__nn","cal_quartic","nn",TRUE,1000,1000,0.205209762725926,0.205209762725926,2.90711726478027,2.91019339631796,2.91290070326992,0.96,0.00619677335393187,1.97961791466462,"population_ate"
"Model4","PS",1500,"cal_quartic__rf","cal_quartic","rf",TRUE,1000,1000,0.227562007965725,0.227562007965725,2.91887150104722,2.89032457966992,2.92627331195421,0.959,0.00627048642451286,2.0353178998758,"population_ate"
"Model4","PS",1500,"cal_quartic__rflin","cal_quartic","rflin",TRUE,1000,1000,0.221129682611836,0.221129682611836,2.89690401922088,2.87959780160335,2.90388690899173,0.962,0.00604615580348373,1.99564414710495,"population_ate"
"Model4","PS",1500,"cal_quartic__rfnn","cal_quartic","rfnn",TRUE,1000,1000,0.190768446187637,0.190768446187637,2.87724620205025,2.86816279223735,2.88212764491204,0.961,0.00612200947402077,1.97347851170941,"population_ate"
"Model4","PS",1500,"lin","lin","lin",FALSE,1000,1000,0.0265826484983292,0.0265826484983292,3.06162970031898,2.98652299735343,3.06021396027379,0.955,0.00655553201502365,2.09710728382547,"population_ate"
"Model4","PS",1500,"sdim","sdim","sdim",FALSE,1000,1000,0.259453664470899,0.259453664470899,3.37826342875316,3.35259326506346,3.3865273266673,0.945,0.00720936890441875,2.2712088050025,"population_ate"
